GT->CC,33,6,C,C,+,1
AG->AG,59,0,A,G,-,1
TC->TG,5,39,C,G,+,1
TG->TT,28,14,C,T,-,1
CG->AT,53,1,G,G,+,1
TG->CG,41,32,T,G,-,1
CG->AA,16,44,G,G,-,1
AC->TC,40,2,T,G,-,1
AA->TA,1,51,A,G,-,1
GC->TG,0,72,G,T,+,1
CT->CG,9,69,C,C,-,1
AC->TG,3,49,A,G,-,1
CG->AG,29,15,C,A,-,1
GG->AG,22,22,T,T,-,1
GT->GC,70,50,T,T,-,1
CA->TG,41,46,A,G,-,1
GC->TA,0,39,G,C,-,1
TC->TA,0,30,T,G,+,1
CC->TG,28,46,A,C,+,1
AG->TA,23,53,A,C,+,1
GA->GA,8,28,C,C,+,1
CG->AT,47,0,C,T,+,2
TC->TC,0,33,T,G,-,1
AG->AC,28,24,C,T,-,1
CA->CG,11,10,G,A,+,1
TA->GA,48,25,G,C,+,1
CG->AT,42,1,C,A,+,1
CA->GT,34,30,C,G,+,1
AT->CT,30,21,A,G,+,1
CC->TC,0,103,C,T,-,1
GC->TT,0,44,G,C,+,1
CG->AA,54,1,G,G,-,1
CG->AT,60,0,G,T,-,1
CT->CA,20,19,C,T,-,1
CC->TG,52,12,C,T,+,1
GC->TT,10,32,C,T,-,1
TG->AC,65,0,C,C,+,1
AT->CA,30,19,C,G,+,1
AG->AG,25,22,C,G,-,1
CA->GA,45,18,A,C,+,1
GG->AG,32,0,A,G,-,1
GG->TG,6,38,T,G,+,1
AG->TA,10,35,C,G,+,1
TG->AG,51,0,G,G,+,1
TC->AC,24,22,C,C,+,1
CG->AA,25,22,C,T,+,1
AG->AT,44,0,A,T,-,2
CC->TG,12,34,C,G,+,1
CG->AG,87,0,A,G,-,1
TA->TA,0,46,T,G,-,1
TA->GT,5,54,C,G,+,1
GG->AC,80,0,C,C,+,1
TC->TC,0,40,T,A,+,1
AG->AG,3,46,C,G,+,1
AC->TG,0,69,A,T,-,1
CG->AG,66,43,C,G,-,1
AG->AT,43,0,T,T,-,1
CG->AT,70,1,A,G,-,1
TC->TG,22,39,T,G,-,1
CC->TG,3,34,A,A,-,1
TT->CG,27,32,G,C,-,1
CC->TG,36,18,T,G,-,1
TA->GC,40,8,C,G,-,1
CC->TG,26,20,A,G,-,1
TG->AC,65,0,A,C,-,1
AC->TA,5,44,G,A,+,1
GA->GC,30,15,C,C,+,1
AT->CG,15,23,T,G,-,1
CA->GA,23,11,C,A,-,1
CC->TC,0,45,C,A,-,1
CG->AG,31,15,A,A,+,1
GC->AA,13,28,C,C,+,1
AC->TG,3,38,C,T,-,1
CC->TG,7,71,A,G,-,1
TA->CA,2,39,T,T,+,1
AC->TG,48,0,C,G,+,1
CT->GT,4,45,A,G,-,1
GG->AA,23,11,C,C,+,1
GA->GA,25,59,G,A,+,1
TC->TC,26,28,C,G,+,1
CG->AC,26,12,C,G,+,1
TC->TT,0,59,T,G,+,1
GG->AG,8,30,C,A,-,1
CC->TT,0,46,C,C,+,1
CT->CG,23,22,A,T,+,1
CT->CC,35,10,T,G,-,1
CG->AT,32,7,C,C,+,1
AC->TT,39,13,C,G,-,1
CG->AC,90,2,T,C,-,1
CT->CG,0,37,C,G,-,1
AC->TT,0,36,A,A,-,1
GA->GG,29,9,G,A,+,1
CG->AG,53,31,C,A,-,1
AC->TG,18,34,G,G,+,1
CG->AG,15,24,C,G,-,1
TT->AT,2,73,C,G,-,1
TG->AA,66,0,A,A,+,1
TT->CC,28,36,A,T,-,1
CG->AG,80,1,C,G,-,1
CG->AT,29,30,C,T,-,1
TG->AG,52,0,A,G,-,1
TT->GG,3,78,T,G,-,1
CG->AC,47,7,A,T,-,1
GG->TG,50,18,C,G,-,1
TT->CA,5,33,A,C,-,1
AT->CG,69,22,A,G,+,1
CA->GT,11,36,C,G,-,1
CC->TA,9,32,T,G,+,1
AG->AG,50,0,G,G,-,1
AA->TA,36,7,C,T,+,1
TT->CG,39,0,C,G,-,1
GA->GT,9,55,A,T,+,1
GG->TT,84,7,C,G,+,1
GC->AA,33,9,C,T,+,1
TG->AT,43,25,C,G,+,1
CG->AA,26,24,C,G,+,1
TC->TT,9,34,A,C,+,1
AG->AT,61,0,C,T,-,1
TG->AT,74,10,G,G,-,1
TT->CC,64,5,C,G,+,1
AT->CG,40,7,C,A,+,1
CC->TG,0,61,C,G,+,1
TT->CT,25,42,A,G,+,1
GC->TT,55,26,C,G,+,1
GA->GC,5,66,C,C,-,1
TA->GG,19,59,A,A,+,1
AG->TT,26,21,C,G,-,1
CG->AC,0,47,C,G,+,1
AC->TA,2,62,A,A,-,1
GG->AG,2,37,T,G,+,1
TC->TC,27,12,C,G,-,1
CG->AT,32,0,T,T,-,1
TG->TT,42,32,C,G,-,1
AG->AA,2,47,C,G,+,1
TC->TT,0,38,T,G,-,1
CA->GC,26,35,C,C,+,1
CG->AC,17,43,C,G,+,1
CA->GG,23,77,C,C,+,1
CC->AA,18,46,C,C,-,1
AC->TT,41,4,A,G,-,1
TC->TG,7,45,G,C,+,1
CA->CA,0,40,C,G,-,1
AC->TC,0,53,A,A,-,1
TC->TG,1,87,C,A,+,1
AT->AG,2,31,A,G,+,1
GC->TA,0,49,G,G,+,1
CG->AT,4,63,C,A,+,1
CA->GT,28,14,T,C,+,1
GC->TC,0,67,G,C,+,1
CC->TC,0,56,C,T,-,1
AG->AA,23,26,C,A,+,1
TC->TG,4,60,C,G,-,1
TT->CG,29,29,T,C,-,1
TC->TG,1,34,C,T,-,1
CA->CC,42,13,C,G,+,1
TC->AA,11,38,C,C,+,1
TG->AG,12,24,C,C,-,1
CG->AA,64,31,A,T,+,1
TC->TC,42,36,C,G,+,1
TG->AA,119,0,T,A,+,1
AG->AT,61,28,G,G,-,1
GA->CG,10,39,G,T,+,1
AA->GT,34,2,G,C,+,1
TT->CG,25,25,T,A,+,1
CG->AC,22,20,T,G,+,1
GC->TT,7,25,C,T,+,1
GT->CT,32,11,C,A,+,1
CG->AT,45,1,C,T,+,1
AC->AA,21,23,A,A,-,1
AG->AC,40,6,C,G,+,1
TC->TG,7,34,C,T,-,1
AC->TT,63,6,C,G,-,1
CG->AC,36,3,C,A,-,1
GC->TA,0,44,G,G,-,1
AA->GG,15,24,T,G,-,1
AT->CA,25,21,C,T,+,1
AG->AG,32,2,G,G,+,1
AT->CT,28,0,C,T,+,1
CG->AC,38,2,A,T,+,1
AG->AG,40,0,G,G,-,1
AG->AG,51,18,T,T,+,1
CT->CG,1,38,T,G,+,1
TG->AC,29,0,C,C,+,1
CA->GT,22,16,G,C,+,1
AG->TA,16,23,C,A,-,1
CA->GT,11,70,C,G,-,1
CG->AG,42,10,G,C,+,1
TG->AT,43,0,T,T,-,1
CG->AA,43,1,C,G,+,1
CG->AG,28,11,C,G,+,1
AA->GG,17,38,C,G,-,1
GC->TT,0,62,G,G,-,1
GT->AA,8,55,G,G,+,1
CG->CA,15,42,C,C,-,1
AG->TG,11,27,C,T,-,1
TC->TA,8,44,T,T,-,1
TC->TT,44,13,C,G,-,1
TC->TG,8,53,C,C,+,1
AC->TA,0,92,A,T,-,1
AC->TT,0,73,A,G,+,1
AC->TG,0,76,A,C,-,1
TG->AT,34,0,A,T,-,2
TG->AC,76,25,C,G,+,1
GG->AG,4,47,C,C,-,1
AG->AG,38,2,G,G,-,1
AT->CT,7,24,C,A,+,1
CC->TT,0,54,C,A,-,1
GC->TG,0,52,G,T,-,1
GC->TG,4,49,C,G,-,1
TG->TA,7,38,C,C,+,1
CC->TG,3,31,G,C,+,1
TC->TG,3,84,C,G,-,1
CT->CG,49,1,C,G,-,1
AA->CT,11,22,G,T,-,1
GG->AG,42,20,C,T,+,1
GG->AG,0,28,G,G,-,1
CG->AG,16,29,C,T,-,1
GG->AG,40,5,C,G,-,1
CG->TA,52,1,C,G,+,1
CG->AG,51,0,G,G,-,1
TG->TC,55,12,C,G,-,1
TG->TT,18,20,T,T,-,1
AG->AG,7,34,A,C,-,1
GA->GA,34,3,T,G,-,1
AT->CG,9,50,T,T,-,1
CC->AC,52,5,A,T,-,1
GT->CT,10,35,T,G,-,1
GG->AA,51,0,C,A,+,1
TA->GC,7,48,C,G,-,1
TC->AT,32,1,A,T,-,1
CG->AC,29,11,C,C,+,1
CG->AT,47,1,C,G,-,1
AT->CA,22,42,A,C,+,1
GG->AT,42,0,T,T,-,1
AG->AA,46,0,C,A,-,2
CG->AG,3,39,A,G,+,1
CC->TG,0,57,C,G,-,1
AC->TT,0,41,A,C,-,1
TC->TG,38,43,C,T,-,1
GG->AT,34,8,G,A,+,1
TC->AT,46,11,C,C,-,1
CT->CC,18,14,A,T,-,1
AT->CA,20,15,C,G,+,1
AT->CT,72,30,G,G,+,1
CG->AA,36,0,G,A,+,1
CG->AT,31,37,G,C,+,1
TC->TA,0,34,T,G,-,2
GC->AA,22,10,C,G,-,1
GC->TA,44,5,A,C,-,1
GA->TG,5,54,G,G,+,1
CG->AG,53,0,T,G,-,1
CC->AT,27,16,C,G,-,1
TG->AA,34,27,C,C,-,1
CC->AG,29,8,C,C,+,1
CT->CT,10,23,G,C,-,1
AG->TA,14,39,A,C,+,1
CG->AC,49,21,C,T,+,1
CG->AT,12,56,C,G,+,1
TT->CA,40,1,A,T,+,1
GA->CC,80,20,C,C,+,1
TT->GA,40,7,T,C,-,1
AG->AG,55,0,A,G,+,1
CT->CC,27,13,A,G,-,1
AT->CG,31,26,A,T,+,1
AC->TT,0,84,A,G,+,2
AG->AG,18,33,G,C,-,1
AG->TG,88,16,A,A,-,1
CG->AG,3,22,G,C,-,1
AC->AC,13,69,C,C,+,1
CC->TG,0,62,C,T,+,1
CC->AG,16,38,C,G,-,1
TG->AT,32,8,C,T,+,1
TG->AT,72,1,A,T,-,1
AC->TC,0,79,A,G,-,1
CG->AC,42,35,C,A,+,1
AA->TA,26,18,A,G,-,1
CC->TA,0,50,C,T,-,1
AT->CG,2,31,G,G,-,1
TA->GA,36,3,C,A,-,1
GC->TG,0,47,G,T,-,1
TG->TC,0,39,T,G,+,1
AT->CG,29,41,C,G,+,1
CG->AG,47,6,A,G,+,1
TC->GT,17,18,A,A,-,1
CC->TC,0,29,C,C,-,1
GG->AA,16,36,C,G,+,1
AG->TT,0,33,A,A,+,1
AA->TA,6,24,A,T,-,1
GC->TG,0,77,G,G,+,1
CG->AC,32,23,T,A,-,1
AC->TT,4,54,C,G,-,1
TC->GA,10,44,G,G,-,1
TG->TC,31,28,C,C,+,1
TC->TG,21,41,A,C,-,1
CG->AC,45,1,T,G,+,1
TC->TA,0,38,T,T,-,1
AC->TC,8,37,C,G,-,1
TA->GG,43,10,T,G,+,1
CA->GA,26,5,G,G,+,1
AT->GT,42,27,C,G,-,1
GG->CC,9,33,T,C,-,1
AG->AC,40,30,G,C,+,1
AC->TA,0,43,A,G,-,1
AG->AG,41,0,A,G,-,1
TA->TG,11,33,T,A,-,1
AG->TA,7,38,G,A,+,1
CA->GG,16,37,C,G,+,1
TT->CC,46,0,T,C,-,1
TT->GG,33,0,C,G,+,1
TA->GG,0,45,T,G,-,1
GC->TG,5,57,C,A,-,1
AA->TG,16,25,A,G,-,1
AC->TG,10,25,C,G,-,1
AC->TA,0,37,A,T,-,1
AC->TA,12,56,A,A,+,1
CA->GT,11,33,G,G,-,1
GG->TA,24,17,T,C,+,1
GC->TT,39,18,T,G,-,1
GT->GT,23,11,C,A,+,1
CC->TG,0,58,C,A,+,1
AA->GC,12,50,T,G,+,1
CA->TG,44,0,A,G,-,1
TC->AG,7,33,C,C,+,1
TG->TC,18,56,C,G,+,1
TG->AC,38,1,C,T,+,1
TT->AG,22,22,C,G,-,1
CT->CT,52,28,C,T,-,1
AC->TC,0,48,A,G,+,1
TG->TA,6,35,G,A,+,1
CG->AA,38,1,C,A,-,1
TA->GC,4,48,C,G,-,1
CT->CC,55,2,C,C,+,1
TC->TG,1,47,T,A,-,1
GC->TG,0,40,G,G,-,1
GC->TC,43,12,C,G,-,1
AT->GA,19,57,C,G,-,1
GA->TC,55,5,G,C,+,1
AT->CG,16,32,T,G,-,1
CC->AC,38,56,G,G,+,1
CC->TG,0,55,C,A,-,1
CG->AT,32,8,C,G,+,1
TA->GG,36,73,C,G,+,1
TA->GA,35,5,A,G,+,1
GA->GA,22,20,C,G,+,1
CA->GA,18,16,A,C,+,1
CG->AG,56,0,A,G,+,1
AC->TA,11,34,T,T,-,1
TC->TG,1,76,C,G,+,1
AG->AT,1,44,C,A,+,1
AG->AC,38,0,G,C,+,1
TA->GC,26,24,T,G,-,1
GC->TG,4,32,C,T,-,1
GC->TC,0,49,G,G,+,1
CC->AG,8,48,C,G,-,1
CC->AG,24,4,C,T,-,1
TT->CA,38,35,A,G,-,1
CG->AA,28,6,C,G,-,1
GG->AT,19,61,G,C,-,1
GA->CG,9,37,T,A,-,1
CG->AT,41,1,A,G,-,1
TA->GC,64,13,A,C,+,1
CG->AA,37,4,T,A,+,1
AG->AA,37,0,C,A,+,1
GC->AA,57,13,G,C,+,1
TG->AT,37,0,C,T,+,1
CC->TG,1,70,C,A,-,1
AT->CG,32,9,G,G,+,1
TC->TA,0,66,T,G,-,1
GG->AG,58,22,A,T,-,1
GG->CT,21,17,T,G,-,1
AG->TG,2,34,A,A,+,1
AG->AG,48,0,G,G,-,1
GG->CA,40,8,A,G,+,1
CA->GG,37,30,C,G,+,1
GA->GG,17,33,G,G,+,1
CC->TT,63,9,C,T,+,1
GG->AC,9,49,C,G,+,1
CA->CT,35,30,T,C,+,1
TT->CA,1,42,T,C,-,1
CG->AC,52,0,T,C,-,1
AT->CC,72,2,C,G,-,1
GC->AA,41,2,C,G,-,1
CT->CA,22,15,A,C,-,1
AG->TC,22,19,C,C,+,1
CG->AA,1,66,A,G,-,1
AC->TA,0,40,A,T,-,1
CG->AC,57,2,A,T,+,1
GG->AA,37,0,C,A,+,1
TG->AT,74,11,C,G,+,1
CC->TG,7,30,C,G,+,1
GT->CT,5,38,C,C,+,1
CG->AT,28,17,C,C,+,1
TT->CA,18,48,C,G,+,1
CG->AT,51,2,G,T,-,1
GG->AT,40,0,C,T,-,1
CT->AG,2,67,A,C,-,1
AC->AC,37,24,C,G,+,1
GC->AC,51,6,G,G,+,1
CT->CT,35,5,G,G,-,1
AC->TT,0,52,A,C,+,1
GC->AA,27,50,C,G,+,1
TG->AC,46,0,A,C,-,1
CG->AT,26,5,G,G,-,1
GG->AC,50,0,T,C,+,1
CC->TA,17,34,C,G,+,1
TG->AA,44,0,G,A,-,1
TC->TA,43,13,C,G,-,1
CG->AG,30,6,T,G,-,1
TG->AA,42,0,T,A,-,2
TT->CG,25,10,T,T,+,1
GC->TA,0,54,G,C,+,1
TG->AT,45,0,C,T,+,1
TG->AT,57,7,T,G,+,1
AC->TG,11,41,T,G,-,1
AC->TC,0,49,A,G,-,1
CC->TA,0,35,C,T,+,1
TG->AA,14,55,A,G,+,1
AC->TC,3,33,A,C,-,1
CT->CA,52,0,C,A,-,1
TC->TC,0,44,T,T,-,1
TC->TA,0,35,T,C,-,1
CG->AC,25,10,A,T,-,1
CG->AC,102,3,A,G,+,1
CG->AC,35,2,C,C,+,1
CG->AT,38,25,T,G,+,1
CA->TT,14,23,G,C,-,1
CG->AT,44,1,A,G,+,1
GC->TT,0,50,G,C,-,1
GC->TG,43,45,G,T,+,1
GG->AC,16,42,C,C,-,1
TG->AG,39,39,T,T,-,1
CG->AC,36,7,G,A,-,1
CG->AA,90,1,A,G,-,1
TG->TG,19,34,G,G,+,1
CT->CA,10,24,C,C,+,1
CG->AC,31,9,T,A,+,1
TC->TT,0,69,T,T,+,1
GG->TT,28,12,C,T,+,1
CA->TC,15,26,C,T,-,1
TG->AC,45,0,G,C,-,1
GG->AA,38,26,C,G,+,1
GG->AA,45,0,A,A,-,1
CC->TC,23,11,G,C,+,1
AT->AC,16,32,C,A,+,1
TC->TT,0,50,T,G,-,1
TT->CT,28,20,A,G,-,1
CA->CA,20,24,T,T,-,1
TG->AT,38,6,C,G,+,1
CT->CA,59,5,C,G,-,1
TC->TG,59,16,G,G,-,1
AC->TG,0,44,A,T,+,1
GC->TG,32,52,C,G,-,1
TG->TT,32,10,G,C,+,1
AG->TC,32,24,C,T,+,1
GC->AC,14,28,C,T,+,1
GC->TG,2,41,T,T,+,1
CG->AT,36,2,C,A,-,1
TG->AC,48,1,G,C,+,1
CA->GC,22,28,T,T,-,1
CG->AC,42,3,A,G,+,1
TT->CC,51,1,G,A,-,1
CA->GT,10,36,A,G,+,1
GA->GC,35,9,A,G,+,1
TG->AG,7,34,G,A,-,1
AG->AG,40,0,C,G,-,2
CC->TG,9,55,C,C,-,1
TG->AC,77,5,C,G,-,1
AA->GA,36,21,A,C,+,1
CC->GC,14,48,T,T,+,1
AT->GT,13,31,A,C,+,1
GT->CC,48,12,A,C,+,1
GG->AG,41,0,C,G,-,1
GC->TC,0,52,G,A,-,1
GC->TA,38,7,T,G,+,1
AA->GT,41,2,T,A,+,1
CG->TG,23,23,C,G,+,1
AG->AG,73,0,A,G,-,1
CG->AT,47,25,G,A,+,1
TA->GT,1,37,T,G,+,1
TC->TG,1,69,C,A,-,1
AG->AC,31,25,G,G,-,1
CG->AG,9,30,C,C,+,1
GC->TA,7,66,G,A,+,1
TG->AT,15,53,G,G,+,1
AC->AT,30,28,C,G,+,1
AT->CG,10,36,C,C,+,1
TT->GG,18,18,C,C,+,1
AT->CA,35,5,C,G,+,1
TG->TC,28,16,C,G,+,1
GG->CC,1,19,G,T,-,1
AG->TG,2,32,C,G,+,1
GC->TG,15,27,C,T,+,1
GA->GT,10,21,A,G,+,1
TC->TA,39,1,A,T,+,1
TT->CA,59,26,G,C,+,1
AC->TG,5,65,C,C,+,1
CG->AA,18,19,A,T,-,1
CA->GG,41,29,G,T,+,1
GC->TG,34,8,C,C,-,1
CA->TG,34,13,A,G,+,1
CA->GA,25,27,C,A,-,1
CG->AT,57,2,T,T,+,1
AG->AT,32,12,C,C,+,1
AC->TG,9,48,G,G,-,1
CG->AT,45,1,C,C,-,1
CC->TA,0,34,C,G,-,1
TT->CT,29,13,G,T,-,1
CC->TA,15,41,A,G,+,1
CG->AG,33,0,T,G,-,1
TG->AA,35,6,C,T,+,1
CG->AA,29,36,C,A,+,1
AC->TG,0,50,A,T,+,1
AG->AA,33,0,C,A,+,1
CG->AC,38,0,C,C,-,1
TA->GT,17,31,T,G,+,1
CA->GC,13,32,C,A,-,1
TG->TA,72,21,C,T,-,1
AC->TG,25,22,C,G,+,1
CT->CT,41,6,C,A,+,1
TG->AG,0,44,T,G,-,1
CC->GT,13,36,A,T,+,1
CC->TC,0,97,C,G,-,1
CT->AT,14,24,C,G,+,1
AC->TC,0,42,A,G,+,1
CA->TT,37,16,C,T,+,1
CC->GT,3,16,C,C,+,1
CG->AT,74,7,G,G,+,1
GC->TC,0,38,G,A,+,1
AG->AA,49,0,G,A,-,1
TG->AT,17,53,C,G,-,1
AC->TT,14,28,T,T,+,1
AC->TG,28,7,G,C,-,1
TG->TC,1,19,C,T,-,1
GC->GA,32,10,C,T,+,1
TT->GA,19,72,C,T,+,1
TT->CA,28,38,G,G,+,1
TC->TT,0,33,T,T,+,1
GA->GC,54,9,A,G,+,1
TT->GA,13,38,C,G,+,1
CG->AT,53,7,A,T,+,1
CG->AA,15,14,C,G,+,1
GG->AA,23,15,G,A,-,1
TA->GT,17,30,G,G,+,1
TC->TA,0,49,T,G,-,1
CT->CG,1,45,T,G,+,1
GT->GT,14,27,G,C,-,1
AC->TG,40,24,A,T,-,1
GT->CG,12,9,T,C,-,1
CC->GG,32,12,C,T,+,1
GT->AT,25,15,G,A,-,1
CA->GC,0,44,C,T,-,1
CG->AC,60,5,C,T,+,1
GA->GT,11,39,C,G,+,1
TC->TC,17,8,C,G,+,1
GC->TG,2,33,C,T,-,1
AT->CG,47,32,A,G,-,1
GG->AA,12,40,C,A,-,1
GC->TA,0,52,G,G,-,1
GT->CG,2,52,G,A,+,1
GG->AC,11,30,G,C,+,1
AG->AA,11,25,G,A,+,1
TG->AG,47,0,A,G,+,1
GG->AG,66,0,C,G,-,1
AG->TA,14,52,G,T,-,1
AG->AT,67,3,C,G,+,1
CG->AT,34,1,A,G,-,1
TA->GT,4,33,G,G,-,1
TT->AA,38,27,T,T,-,1
CC->TA,0,39,C,G,-,1
AA->GG,8,38,C,G,-,1
CC->TG,0,28,C,A,-,1
CG->AC,29,36,C,G,-,1
TG->AA,50,0,T,A,+,1
CC->TG,24,24,C,G,-,1
TC->TA,0,43,T,T,+,1
CG->AA,49,7,A,G,-,1
AC->TG,0,69,A,C,+,1
CA->GC,28,16,C,G,+,1
CC->TT,46,11,C,C,+,1
TC->TT,19,27,A,G,+,1
CA->GG,31,12,A,A,+,1
AG->AT,81,10,G,T,+,1
CC->TG,0,32,C,C,-,1
AG->AA,33,9,A,G,+,1
CG->AC,26,30,C,A,-,1
GG->AT,41,0,T,T,+,1
TC->AA,9,27,C,C,-,1
AG->TC,38,2,G,G,+,1
CC->TT,28,9,C,G,-,1
GT->CT,2,52,C,T,+,1
TC->GC,26,13,C,A,+,1
GT->GC,14,12,C,C,-,1
CA->GG,44,27,A,G,+,1
CC->TG,15,65,C,T,+,1
TG->AC,44,0,A,C,-,2
GT->CA,30,6,C,A,-,1
GG->TT,27,31,A,G,-,1
TC->TT,0,34,T,G,+,1
CT->CT,13,35,C,T,-,1
GC->TG,38,21,T,G,-,1
AT->CT,42,1,G,G,-,1
AC->TT,3,48,C,G,+,1
AT->CG,6,41,T,A,+,1
CC->TT,0,53,C,C,-,1
AA->GG,10,48,A,A,+,1
AA->GT,16,38,G,G,-,1
AC->GG,21,73,C,G,-,1
TG->AA,33,20,C,G,-,1
GG->AC,34,11,G,G,-,1
CG->AC,33,26,C,T,-,1
AA->TA,24,25,T,G,-,1
GC->TG,6,75,A,G,-,1
GC->AT,10,34,G,G,+,1
CA->TG,0,41,C,G,-,1
TC->AT,52,27,A,G,-,1
GA->GC,34,7,G,A,+,1
GT->AG,40,5,G,G,+,1
CG->AA,28,76,G,G,+,1
TC->TG,0,57,T,G,-,1
GC->AC,26,27,G,G,-,1
CC->TG,2,34,T,G,+,1
AC->TA,0,58,A,G,-,1
CC->TG,23,35,C,T,-,1
CT->CT,33,5,G,C,+,1
AG->TG,37,0,C,G,+,1
TA->CA,9,35,A,A,+,1
CT->GC,43,20,C,T,+,1
TG->AC,39,0,A,C,-,1
CG->AT,52,0,G,T,+,1
TC->TC,66,7,G,C,-,1
AG->AT,28,0,C,T,-,1
TC->TA,0,30,T,G,-,1
CC->TA,0,56,C,A,+,1
CA->CA,10,52,G,C,+,1
AG->AC,73,0,T,C,+,1
AC->TT,40,13,A,A,+,1
AC->TA,0,59,A,C,-,1
TT->CA,23,16,A,T,+,1
TA->GG,9,86,C,G,+,1
TA->GA,46,1,G,T,-,1
AA->GT,5,30,T,G,+,1
AT->CG,7,27,C,C,-,1
CG->AG,27,22,T,G,-,1
TG->AC,41,0,C,C,-,1
TC->AC,31,36,C,G,+,1
AG->AA,32,22,C,A,-,1
CC->TA,0,97,C,G,-,1
TG->AA,32,0,C,A,+,1
CG->TG,29,9,C,T,+,1
TC->TA,0,61,T,T,-,1
GC->TG,21,14,A,G,+,1
TT->CC,32,31,T,T,-,1
GT->CT,4,41,C,C,+,1
GC->TA,0,36,G,A,+,1
CG->AG,33,18,C,G,-,1
CA->TG,16,4,A,T,-,1
AC->TT,5,30,C,C,+,1
GC->TT,0,62,G,T,+,1
CA->GC,30,14,C,G,+,1
CC->AC,77,8,G,G,+,1
CC->AG,13,29,C,C,+,1
CT->GG,19,67,A,G,+,1
CA->GT,16,25,G,C,-,1
GC->TT,0,40,G,G,-,1
CC->TG,13,53,C,C,-,1
GT->AC,7,59,C,C,-,1
AG->AG,43,0,C,G,-,3
CT->CG,15,19,C,T,-,1
AA->GA,6,25,G,G,+,1
TT->CT,24,33,C,G,-,1
TA->TG,23,62,C,G,+,1
TT->CA,31,30,A,G,+,1
CG->AT,36,5,C,A,-,1
GT->GC,15,21,C,T,+,1
AC->TG,42,35,A,G,-,1
CG->AG,47,0,T,G,-,1
AG->AT,19,25,G,C,-,1
TT->CT,37,12,C,T,-,1
AC->TG,52,50,A,C,+,1
CT->CG,38,6,A,G,+,1
CC->TC,0,44,C,A,-,1
TT->CC,13,26,G,G,-,1
CA->GT,53,8,A,T,-,1
CG->AT,70,0,C,T,+,1
GT->CC,0,66,G,G,+,1
TC->TG,0,40,T,C,+,1
CA->GT,35,16,C,G,-,1
GT->CG,26,12,C,T,+,1
AT->CA,36,1,C,A,-,1
GC->TG,3,65,C,C,+,1
CG->AG,74,0,C,G,+,1
CG->AA,55,4,G,G,+,1
CC->TG,0,47,C,T,-,1
GG->AA,50,15,T,G,-,1
AA->CA,32,18,A,G,+,1
CG->AT,45,4,C,A,+,1
CA->CC,72,3,C,T,-,1
GC->TC,0,31,G,G,+,1
GC->TA,33,31,C,G,+,1
GC->TG,0,43,G,G,+,2
GC->TG,0,50,G,G,+,1
CC->TT,19,14,A,G,+,1
GA->CT,15,54,A,G,+,1
TG->AG,48,0,A,G,+,1
GC->TT,0,33,G,G,-,1
CC->TG,51,23,A,C,+,1
CT->CT,32,2,C,T,+,1
TG->AA,39,0,T,A,+,1
GA->GG,22,22,C,G,+,1
TT->CG,33,54,C,G,-,1
TG->TT,45,5,A,T,-,1
TG->AT,10,27,T,T,+,1
GG->TA,32,12,A,G,-,1
CT->CG,18,44,A,G,-,1
AA->GG,4,36,C,C,-,1
CG->AT,16,61,C,T,+,1
AG->AA,17,23,A,A,-,1
CT->CG,4,47,C,A,+,1
GG->AG,52,0,T,G,+,1
TG->AG,37,0,C,G,-,1
AT->GC,28,19,T,C,-,1
TC->TG,3,44,T,A,-,1
GA->GC,62,21,G,G,+,1
TG->AG,42,0,G,G,+,1
TG->TC,10,17,G,G,-,1
CA->GT,14,21,A,C,-,1
TC->TG,0,41,T,T,+,1
GC->TG,0,66,G,G,+,1
GC->TT,32,22,C,G,-,1
CA->GT,8,32,C,G,+,1
AG->AC,39,0,G,C,-,1
AG->AT,66,0,C,T,+,1
TC->AT,23,34,C,G,+,1
CT->CG,41,0,A,G,+,1
TC->TG,4,43,C,G,-,1
CC->TT,0,97,C,T,+,1
CG->AA,48,7,C,T,+,1
AG->AG,66,0,A,G,-,1
AC->TG,0,53,A,G,-,1
AC->TG,1,31,C,G,+,1
AG->TG,24,49,G,G,-,1
CC->TT,0,41,C,C,+,1
CC->TT,0,51,C,A,+,1
AT->AT,1,22,G,A,-,1
TG->AC,42,0,G,C,+,1
CA->GT,22,17,T,T,+,1
CG->AT,34,18,C,T,-,1
AT->CA,20,35,C,G,-,1
GA->TT,32,22,A,G,-,1
TA->CG,9,33,C,T,-,1
AG->AT,50,0,G,T,-,1
TG->TA,26,19,T,G,-,1
CC->TG,0,60,C,T,+,1
AC->TG,1,57,C,G,-,1
CG->AT,38,2,C,G,+,1
CA->TA,25,7,C,G,-,1
AA->TA,1,68,C,A,+,1
CG->AT,88,7,C,G,-,1
AC->TA,8,33,A,G,-,1
CG->AC,29,19,T,G,+,1
AG->AC,77,0,G,C,-,1
TC->TT,30,44,C,G,+,1
AG->AT,42,9,T,A,-,1
CA->GT,86,1,G,G,-,1
AC->TT,0,45,A,T,-,1
TC->TG,11,36,A,C,+,1
GA->GT,16,82,C,G,-,1
AT->CT,13,29,T,C,-,1
TC->AC,18,23,A,A,-,1
CC->TG,0,85,C,T,-,1
CC->TT,0,33,C,T,+,1
AC->TG,11,48,C,T,+,1
CG->AG,33,0,T,G,+,1
AA->CG,20,40,G,G,-,1
GC->TG,18,28,A,C,-,1
TG->TG,33,39,A,A,+,1
AC->TA,0,41,A,G,-,1
GT->AA,39,10,C,G,+,1
CC->TT,0,42,C,C,-,1
AG->AT,41,0,G,T,-,1
CA->CA,17,17,T,G,+,1
CC->TG,43,36,C,G,+,1
CT->AT,6,60,C,G,-,1
GC->TG,17,29,T,G,-,1
TT->CG,47,2,G,C,+,1
GG->CC,0,21,G,T,-,1
TC->AT,28,3,A,G,-,1
CG->TG,41,23,G,C,-,1
AC->TA,21,22,C,G,-,1
AC->TG,6,39,C,G,-,1
CG->AC,40,19,C,T,+,1
CA->GG,11,49,C,C,-,1
CG->AC,32,10,A,T,-,1
AT->GC,8,30,T,A,-,1
CC->TA,0,50,C,G,-,1
GG->AC,3,34,G,A,-,1
AT->GC,19,67,C,C,-,1
CG->AC,44,2,A,T,+,1
AA->GC,59,30,C,A,-,1
GC->TG,0,29,G,T,+,1
CC->GT,20,24,A,T,+,1
CA->CC,6,33,G,T,-,1
CG->AT,79,2,C,T,-,1
CG->AG,90,0,C,G,+,1
AT->CT,16,81,A,G,+,1
AC->TG,3,36,C,G,+,1
TG->AC,51,0,C,C,+,1
GG->AT,40,0,C,T,+,1
AC->TC,4,66,C,C,+,1
AG->AG,19,20,C,T,-,1
GG->AA,53,2,G,C,+,1
GT->CA,31,27,A,A,+,1
GC->TG,20,22,C,A,+,1
GG->AG,70,23,G,T,+,1
AA->CC,5,56,T,C,-,1
AG->AG,37,55,A,C,-,1
GG->AA,43,9,C,T,+,1
GC->TG,17,53,C,G,+,1
TC->AA,38,12,G,G,-,1
CT->CG,76,36,A,C,-,1
GG->AT,31,19,C,A,+,1
CG->AC,47,1,G,C,+,1
AT->CC,72,2,T,T,-,1
CT->CC,9,55,C,A,+,1
TG->AA,69,0,G,A,+,1
GA->GA,14,67,A,G,-,1
TT->CG,12,11,T,A,-,1
AG->AG,16,26,C,G,-,1
GC->TG,2,49,C,A,+,1
AT->CG,58,0,C,G,+,1
TC->TA,0,26,T,G,+,1
CG->AG,27,0,T,G,+,1
CG->AG,17,47,G,G,+,1
GG->AC,63,14,G,G,+,1
TA->GA,10,25,A,G,-,1
TC->TC,0,36,T,T,+,1
AA->GA,37,26,C,G,+,1
AA->CC,42,10,A,C,+,1
AC->TG,6,46,A,T,+,1
CG->AG,1,60,C,G,+,1
CG->AG,38,0,G,G,+,1
AT->CG,27,19,T,G,+,1
AC->AC,25,20,C,T,+,1
CG->AC,16,17,C,T,+,1
AC->TG,6,36,C,G,-,1
AA->GG,12,39,G,T,+,1
CA->TG,12,25,A,A,-,1
TC->TG,12,39,A,G,+,1
TG->TG,12,59,G,A,-,1
AC->TG,45,67,C,T,+,1
AC->AA,54,10,C,T,-,1
CC->AA,53,7,T,G,-,1
CG->AA,0,57,C,G,-,1
AC->TT,0,50,A,T,+,1
AC->TT,21,33,C,G,-,1
AA->GT,15,42,G,C,-,1
AC->TA,16,19,A,G,-,1
TA->GG,1,41,C,A,-,1
TG->AG,11,36,A,G,+,1
TC->TT,34,8,C,T,+,1
AG->AG,26,15,G,A,+,1
AT->CA,45,3,C,T,-,1
CG->AT,34,3,C,G,+,1
CA->GT,20,18,G,A,+,1
TC->TA,0,52,T,C,-,1
AC->TT,22,31,A,T,+,1
TG->AG,33,11,T,T,-,1
AT->CT,18,31,C,T,+,1
GG->AA,28,62,T,G,+,1
CT->CC,47,1,T,T,-,1
AG->AT,54,8,A,G,-,1
TC->AC,19,24,G,C,-,1
CG->TT,18,40,G,G,+,1
TG->AC,28,48,A,C,-,1
CC->TA,0,29,C,T,+,1
GC->TG,11,33,A,A,+,1
CG->AA,39,0,C,A,-,1
AC->AC,32,45,C,T,-,1
AT->CA,41,8,G,G,-,1
CT->GT,20,19,C,G,-,1
GC->AC,21,25,C,A,+,1
CA->GT,21,15,A,A,+,1
TC->AA,22,23,C,A,-,1
AT->CT,7,36,T,T,+,1
CG->AG,25,15,T,C,+,1
TG->TT,32,17,C,G,-,1
AC->TT,40,17,T,C,+,1
CT->AG,38,2,G,G,-,1
AC->TA,0,33,A,G,+,1
TG->AA,4,66,A,C,+,1
AC->AG,32,8,C,G,+,1
AA->TA,34,21,C,G,-,1
AC->TG,6,30,A,G,-,1
GC->AA,26,27,G,T,+,1
TT->AT,13,9,C,T,+,1
CA->GT,31,10,A,G,-,1
CC->TG,1,65,G,G,+,1
CA->GC,0,36,C,A,+,1
TA->TA,46,23,G,T,-,1
GC->AT,23,43,G,G,-,1
GT->CG,16,16,C,G,+,1
TG->CG,6,49,A,T,+,1
AG->TC,105,13,A,G,-,1
TT->CC,32,2,C,C,-,1
TG->AT,44,0,G,T,+,1
AC->TA,0,48,A,T,-,1
CC->TC,24,30,C,T,-,1
CC->TT,0,41,C,T,-,1
TG->AC,104,5,C,G,+,1
TC->TG,31,10,C,T,-,1
CC->TG,19,18,C,G,+,1
GC->TT,4,37,T,C,+,1
CG->AC,98,0,G,C,+,1
CG->AT,61,16,C,G,+,1
AG->AG,35,23,G,C,-,1
TG->TG,50,3,A,G,-,1
AC->TA,17,49,C,C,+,1
CG->AT,39,1,C,C,+,1
GT->GC,28,36,T,G,-,1
AC->TC,25,47,C,T,+,1
TC->TG,0,29,T,C,+,1
CG->AG,69,0,C,G,-,1
TC->AT,34,16,C,C,-,1
CG->AA,45,10,A,C,+,1
CT->CA,49,3,C,T,-,1
GG->AC,36,3,G,G,+,1
TG->AT,44,0,T,T,+,1
GC->TC,0,42,G,T,-,1
CG->AG,79,5,C,T,+,1
CT->AG,0,50,C,G,+,1
TA->GC,22,18,C,T,-,1
GG->AG,12,33,G,G,+,1
TG->AA,34,28,T,G,+,1
CA->TG,16,33,C,A,+,1
AC->TG,1,37,C,C,+,1
CG->AC,38,23,C,C,+,1
TT->CT,15,34,T,A,+,1
AT->AA,12,30,C,G,-,1
CG->AG,72,8,A,C,+,1
CC->TG,0,31,C,G,+,1
TA->CG,33,17,T,C,-,1
CT->GG,34,50,A,C,-,1
AA->TA,17,25,A,A,-,1
CT->CG,49,0,C,G,+,1
TG->AT,16,53,A,C,+,1
AA->CA,49,21,G,C,+,1
TG->AG,45,0,C,G,-,1
GC->TG,13,34,G,A,+,1
GC->TG,26,16,T,G,-,1
TT->CC,105,9,G,G,-,1
CG->AA,45,0,C,A,+,1
AG->TT,24,57,G,G,+,1
AC->GT,28,16,C,C,+,1
GC->TC,13,35,G,T,+,1
AC->TT,0,50,A,C,-,1
GA->TT,26,8,A,G,-,1
CG->AA,49,0,A,A,-,1
CG->AC,5,93,T,A,+,1
GC->TG,30,28,C,T,+,1
GG->TC,7,64,C,C,-,1
GT->CT,15,10,A,A,-,1
TG->TG,37,37,A,G,+,1
AC->AT,20,17,A,C,+,1
TC->TT,0,56,T,A,-,1
GC->TG,3,37,C,G,+,1
GG->AT,70,12,C,G,+,1
AA->CG,20,58,G,A,-,1
TT->GG,24,23,C,A,+,1
GC->TG,8,29,A,G,+,1
AC->TC,0,42,A,C,+,1
CC->TG,13,49,C,G,-,1
CC->AG,57,11,C,C,-,1
AC->GC,40,9,G,A,+,1
CT->AG,31,8,A,G,-,1
CC->TA,0,66,C,G,+,1
GG->AA,40,0,C,A,+,1
AA->CT,14,23,A,A,-,1
AT->CC,15,21,C,C,-,1
CC->TA,0,59,C,T,+,1
GC->TT,32,18,C,G,+,1
TG->AT,33,0,C,T,-,1
TT->CG,37,2,C,T,+,1
AC->TA,48,2,G,A,-,1
TG->AA,21,27,C,T,+,1
CC->TA,0,47,C,G,+,2
GA->GT,12,49,C,G,-,1
AT->CA,11,56,A,T,-,1
AC->TT,5,43,A,A,+,1
CG->TT,37,10,C,C,-,1
AC->AA,57,3,G,C,-,1
AC->TG,0,43,A,T,+,1
CG->AC,52,0,A,C,-,1
AA->GT,13,38,A,T,+,1
CG->AA,83,1,T,G,+,1
TC->TA,0,35,T,T,+,1
CG->TA,19,37,C,G,+,1
CG->AG,51,0,C,G,-,1
AG->AT,45,0,C,T,-,1
TG->TT,49,10,G,G,-,1
AG->TG,20,3,T,C,+,1
GA->GA,26,26,A,T,+,1
AG->AA,65,0,C,A,-,1
CG->AC,36,1,C,C,+,1
CC->AC,4,37,T,A,-,1
TT->CT,18,21,C,G,-,1
AC->TG,25,27,G,G,-,1
TA->TC,55,30,T,C,+,1
CG->AC,65,4,A,T,-,1
TG->AC,71,0,G,C,+,1
AC->AA,56,0,G,A,-,1
CT->AT,10,77,T,T,-,1
GA->CG,64,8,A,A,+,1
CG->AT,0,54,C,A,-,1
AT->CG,15,46,C,T,-,1
AG->TA,31,17,A,C,+,1
CC->TG,30,14,G,G,+,1
AC->GA,4,18,G,C,-,1
GT->GG,5,49,A,T,+,1
TC->TG,4,66,G,A,-,1
TC->TT,22,51,A,G,+,1
CG->AT,35,1,C,G,-,1
CC->TA,0,35,C,A,-,1
TG->TT,26,14,C,G,+,1
TC->TC,0,51,T,G,+,1
TC->GC,28,6,A,T,+,1
GC->AT,16,20,G,C,-,1
GA->CC,26,11,C,A,+,1
GT->CG,2,27,A,G,+,1
TC->TG,7,63,C,T,-,1
AG->AA,10,54,A,G,-,1
CC->TT,64,19,T,T,+,1
TC->TG,0,49,T,G,-,1
GA->GA,43,3,C,C,-,1
AT->CA,8,55,A,G,-,1
CG->AG,68,1,C,G,+,1
GC->TA,0,64,G,G,+,2
AG->AA,41,0,T,A,+,1
TC->TC,10,26,A,C,-,1
AC->TT,0,70,A,C,+,1
TG->TC,31,8,A,G,-,1
CC->TA,0,43,C,C,+,1
AC->TA,0,35,A,G,-,2
AC->TG,0,74,A,A,-,1
CG->AC,34,29,G,G,-,1
TG->AC,41,14,G,C,-,1
CC->TC,0,59,C,G,+,1
AG->AC,41,0,T,C,+,1
TT->CC,17,18,C,G,+,1
GG->AT,74,15,C,T,-,1
AG->AC,27,16,C,C,+,1
CA->GT,16,13,C,A,-,1
AG->TC,3,41,T,T,+,1
GC->TG,23,21,C,C,+,1
CG->AT,53,0,G,T,+,1
CG->AT,54,1,G,G,-,1
CG->CG,0,31,C,C,+,1
TA->TT,16,23,A,G,+,1
TG->AT,44,31,C,G,+,1
GA->GA,10,39,A,G,+,1
GG->AA,28,13,C,T,+,1
GC->GG,33,36,G,C,-,1
CC->TA,0,42,C,C,-,1
TG->AT,54,0,C,T,-,1
CG->AG,51,1,T,G,+,1
CA->GT,36,13,C,T,-,1
CG->AG,59,0,A,G,+,1
AG->AT,36,12,A,A,-,1
CA->GG,32,25,C,G,+,1
CG->AT,80,1,T,G,-,1
AG->TA,52,2,T,C,+,1
CG->AC,21,21,C,T,+,1
CT->CC,30,3,T,A,+,1
GC->TA,0,37,G,T,+,1
TG->AT,33,12,C,G,+,1
GG->TC,37,25,C,T,+,1
GC->TG,3,51,C,G,+,1
GC->TC,59,6,A,T,+,1
GC->TG,3,46,C,G,+,2
AC->TG,52,6,C,G,+,1
AC->TA,13,36,A,C,+,1
AC->TA,0,48,A,G,-,4
GG->AT,60,0,G,T,-,1
GC->TC,0,69,G,T,-,1
AA->TC,33,3,G,C,-,1
CC->TC,56,10,G,G,+,1
TA->TC,64,17,A,G,+,1
CA->GG,55,10,C,C,+,1
TG->AT,51,0,C,T,+,1
TG->AT,19,36,C,C,+,1
TG->CT,52,6,C,G,+,1
GC->TG,0,49,G,G,+,1
AT->CA,60,1,C,G,-,1
CG->AT,40,0,G,T,+,1
GT->CT,43,9,G,T,-,1
TC->TT,0,57,T,G,-,1
GG->TC,31,27,C,T,+,1
GC->TA,0,42,G,T,+,1
TC->AT,38,3,G,G,-,1
TT->CT,8,38,G,C,+,1
GA->CA,31,24,C,A,+,1
GC->TA,3,36,G,T,+,1
AT->AA,35,13,A,C,+,1
CG->AC,41,2,T,T,+,1
AT->CA,41,4,G,T,-,1
GC->TA,28,12,G,G,+,1
GC->AA,65,39,A,G,-,1
TT->CC,39,5,T,C,-,1
GA->GG,32,22,C,G,+,1
AA->CT,2,49,T,G,+,1
CC->TC,0,27,C,T,+,1
TG->CT,28,83,T,G,+,1
GA->GG,12,45,C,G,+,1
GC->TG,36,6,A,C,-,1
CG->AG,23,23,T,A,-,1
TG->TT,16,33,C,A,-,1
GG->AC,0,39,G,A,+,1
AC->TG,1,42,C,G,+,1
AG->AT,39,0,C,T,-,2
TC->TC,0,98,T,G,+,1
CG->AA,31,14,C,T,+,1
CA->GG,28,13,A,G,-,1
GA->GC,26,2,C,G,+,1
TT->CC,29,13,C,G,+,1
CG->AA,51,1,C,G,-,1
GG->AC,43,4,G,G,+,1
CG->AC,39,39,A,G,+,1
GA->CA,17,41,C,G,+,1
CA->GT,12,30,C,C,+,1
TA->GG,7,46,A,G,+,1
AG->TG,85,8,C,T,-,1
CC->TT,0,58,C,G,+,1
TG->AT,39,0,T,T,-,1
TC->TC,7,63,C,A,-,1
TC->TG,1,75,C,G,-,1
GA->GT,30,7,A,G,-,1
AC->TG,3,47,A,G,-,1
CA->GG,35,20,A,C,-,1
TC->TA,0,58,T,G,-,1
CC->TG,4,38,G,C,+,1
AG->AC,42,0,T,C,+,1
AC->TG,48,30,C,G,-,1
CG->AA,38,0,C,A,+,1
CG->AG,66,0,A,G,-,1
TC->AG,33,23,A,A,-,1
CG->AC,47,2,C,G,+,1
CC->TT,0,45,C,G,-,1
CC->TG,0,43,C,G,+,1
AC->AT,26,11,C,C,+,1
GC->TC,2,58,C,T,-,1
CC->TA,38,0,C,A,+,1
CG->AA,72,5,C,T,+,1
GA->TG,40,28,A,G,+,1
CT->AC,27,21,C,T,-,1
TC->TA,7,45,A,G,-,1
CT->CG,21,19,G,T,+,1
AA->TC,5,32,T,C,+,1
GA->TC,25,18,A,G,+,1
GG->AC,38,2,A,C,-,1
TA->GA,4,55,C,G,+,1
CG->AT,30,15,A,G,-,1
AG->CG,18,27,G,G,+,1
CC->TT,0,36,C,G,+,2
CC->TA,0,31,C,G,+,1
GC->TG,19,37,C,T,+,1
TC->TA,13,42,C,G,-,1
AT->AC,32,25,A,T,+,1
CT->CT,49,15,T,T,-,1
GC->AT,17,68,G,C,+,1
GG->TC,27,34,C,G,+,1
CG->AC,2,45,C,C,+,1
AG->AA,55,0,G,A,-,1
AC->TG,3,62,C,C,-,1
CA->GT,37,9,G,C,+,1
CC->AC,36,7,C,C,+,1
AC->TG,26,36,C,C,-,1
CG->AG,18,19,C,C,-,1
TG->AG,24,20,C,A,-,1
GC->TA,0,48,G,G,+,1
CG->AA,42,0,A,A,+,1
CG->AA,55,7,C,T,+,1
GC->TT,0,44,G,C,-,1
TG->AG,39,0,C,G,-,1
AG->AG,68,0,G,G,+,1
CG->AA,40,3,A,G,+,1
AG->AG,49,9,A,C,-,1
AA->CT,14,26,T,T,+,1
AC->TA,0,48,A,T,+,1
AT->CC,41,4,A,G,-,1
TT->CC,15,5,T,T,+,1
GC->TC,34,31,T,G,+,1
AC->TG,0,64,A,G,+,1
AA->GC,53,2,A,A,+,1
CG->AG,41,0,C,G,+,2
AC->TC,56,51,C,C,+,1
TC->AA,4,43,C,T,-,1
CA->GT,3,73,C,G,+,1
AC->TG,3,40,A,A,-,1
CA->TT,3,46,G,G,-,1
AA->GT,46,8,A,G,+,1
CG->AA,43,1,A,G,-,1
AT->GA,50,43,A,A,+,1
AG->CT,15,6,G,C,+,1
AC->TG,1,95,C,G,-,1
AA->CC,32,21,G,C,-,1
TC->TG,15,31,C,A,-,1
CG->AC,35,0,T,C,-,1
AC->TG,8,41,T,G,-,1
CG->AT,56,0,G,T,-,1
AT->CG,2,42,G,T,-,1
CA->GA,5,28,G,G,-,1
GC->TT,25,17,C,T,-,1
GT->AG,0,76,G,A,+,1
AC->TA,0,41,A,T,-,1
TG->AA,19,11,A,A,-,1
TC->TG,6,63,C,T,-,1
AG->AT,90,0,A,T,-,1
TG->AC,33,0,A,C,+,1
CA->GA,24,9,G,C,+,1
CG->AC,42,3,G,G,+,1
AT->CT,38,4,C,A,+,1
TC->TC,24,33,C,G,+,1
TA->GT,23,30,G,T,+,1
GA->TT,3,26,C,C,-,1
TC->TC,16,84,C,A,-,1
TC->TT,16,54,C,A,-,1
GC->TT,0,56,G,T,-,1
CT->CA,41,2,C,A,-,1
AT->CG,44,9,A,A,-,1
CC->TG,24,27,C,A,-,1
CC->TC,0,82,C,T,+,1
TC->TA,8,26,C,G,+,1
CC->TG,43,24,C,G,-,1
AG->AT,15,36,A,C,-,1
AG->AA,4,48,T,G,-,1
TC->TC,0,85,T,G,-,1
GT->CA,5,33,T,G,+,1
AG->AC,46,0,A,C,-,1
CG->AC,51,0,C,C,+,1
CT->CG,6,70,A,A,-,1
CG->AG,45,0,C,G,+,2
AG->TA,6,91,C,G,-,1
AG->AA,90,0,C,A,-,1
TG->AG,70,23,C,G,-,1
TC->TG,3,58,C,G,+,1
GG->AA,22,4,C,G,+,1
TC->TG,1,60,A,A,+,1
CG->AA,31,1,A,T,-,1
GA->TG,18,3,C,C,+,1
CG->AA,43,19,G,C,+,1
CC->TA,32,11,G,C,+,1
AT->CG,9,39,C,G,-,1
AC->TC,0,49,A,T,+,1
CA->GG,1,37,T,A,+,1
CG->AC,47,2,T,T,-,1
AA->TA,27,15,A,T,+,1
TG->TG,26,27,C,G,+,1
CT->CT,24,18,C,G,+,1
CA->GT,29,12,C,T,-,1
AG->AA,50,7,C,C,+,1
AG->AT,51,0,C,T,+,1
CG->AG,17,61,C,T,+,1
AG->TC,3,38,G,C,+,1
CG->AT,25,4,G,T,-,1
CC->TT,0,47,C,G,-,1
GA->GA,20,17,C,T,+,1
CC->TT,24,20,C,C,+,1
CC->TT,0,33,C,G,-,1
GA->GG,41,11,A,G,+,1
CA->TG,48,11,C,C,-,1
AG->AA,28,0,G,A,-,1
AG->AC,18,27,A,A,-,1
TG->AT,52,0,C,T,-,1
AA->TA,28,26,A,A,-,1
AT->GG,30,48,G,G,+,1
CA->GT,42,25,C,G,-,1
CC->TT,0,67,C,A,+,1
CC->TG,13,41,C,T,+,1
CG->AC,43,34,A,G,-,1
GT->AG,22,36,C,G,+,1
CC->TA,31,34,C,G,-,1
TC->TG,1,46,C,T,+,1
AC->TG,5,44,T,C,+,1
CT->AC,44,4,A,T,-,1
AC->AC,0,60,A,G,-,1
AA->GT,13,28,A,T,+,1
CT->GG,6,15,G,A,-,1
GC->TT,0,47,G,G,+,1
AA->GC,20,21,T,G,+,1
TC->TC,0,55,T,T,+,1
AC->TG,1,63,G,G,+,1
TT->CC,43,12,C,G,-,1
CT->CT,17,56,C,C,+,1
AC->TG,0,42,A,A,+,1
AT->CG,33,11,A,C,+,1
CG->AT,36,3,G,T,+,1
CG->AT,45,36,A,A,+,1
CC->TA,0,45,C,T,+,1
TT->CG,22,21,C,A,+,1
AC->TG,1,41,C,T,-,1
CG->AG,66,0,G,G,+,1
AC->TT,0,52,A,T,+,1
CT->GG,40,14,A,T,+,1
CG->AA,55,8,G,G,-,1
TC->TG,0,44,T,T,-,1
AG->AA,60,0,C,A,-,1
GC->TA,0,42,G,G,-,1
GC->AC,0,37,G,T,-,1
TT->GA,23,28,T,A,-,1
GG->AT,48,0,A,T,+,1
GG->AA,46,0,T,A,-,1
TG->AC,52,0,A,C,-,1
AT->AG,44,0,A,G,-,1
AC->TG,6,51,C,G,+,1
TG->AG,74,0,A,G,+,1
AA->GG,2,36,A,A,+,1
AG->TG,16,30,G,G,+,1
GG->AG,49,0,G,G,-,1
CC->TA,0,46,C,A,-,1
GC->TC,0,52,G,G,+,1
AC->TG,5,37,C,G,+,1
TG->AT,32,0,A,T,-,1
GA->GG,28,19,G,G,-,1
AG->AG,7,43,C,T,-,1
CA->GT,46,7,T,C,+,1
GC->TT,0,33,G,C,+,1
TC->TT,0,74,T,A,+,1
TT->GG,42,25,C,G,+,1
TA->GG,50,6,C,T,+,1
GG->AG,11,57,A,T,+,1
TG->AT,34,0,C,T,-,1
TG->AT,4,40,A,G,-,1
AA->GC,55,16,C,C,-,1
AC->TC,0,62,A,A,+,1
TG->AC,53,0,C,C,-,1
AC->TG,3,53,C,G,+,1
AG->AC,65,0,C,C,-,1
GC->TA,0,61,G,A,+,1
CC->AG,31,21,T,G,+,1
CG->AA,62,4,C,G,+,1
TA->GT,17,26,T,A,-,1
CT->AC,13,33,C,T,+,1
AA->CT,35,19,T,C,+,1
GC->TG,0,45,G,T,+,1
AC->TC,44,3,T,T,-,1
AA->GC,39,46,C,G,+,1
AG->AT,19,22,A,G,-,1
AT->CA,8,28,T,G,-,1
CC->TT,32,75,A,T,-,1
TG->TA,4,45,C,C,-,1
TG->TT,5,38,C,T,+,1
TC->AA,16,29,C,G,-,1
AC->TA,64,2,G,G,+,1
CG->AA,54,1,A,G,+,1
CC->TT,0,40,C,A,+,1
CG->AA,50,0,C,A,-,1
GC->TG,32,8,G,C,+,1
GG->CG,16,4,T,G,+,1
TC->TG,1,50,C,T,+,1
CC->TG,1,32,C,G,+,1
CC->TG,71,13,A,C,-,1
GG->TA,31,23,C,T,-,1
GG->TG,2,57,A,G,+,1
TC->GG,1,49,C,G,+,1
CC->TG,110,0,C,G,-,1
GA->CT,32,6,A,G,+,1
CG->AT,44,1,C,C,-,1
GG->AT,28,8,A,G,+,1
AT->CA,75,8,C,G,+,1
AC->TC,0,51,A,G,+,1
TT->CT,41,3,G,T,-,1
CA->GT,39,17,A,T,-,1
AA->GA,3,32,G,T,+,1
AC->AC,31,7,G,A,-,1
AA->GT,14,32,C,G,-,1
GC->AT,42,52,C,T,+,1
AC->TG,36,46,A,T,+,1
TT->AT,18,21,C,C,+,1
TC->TC,12,98,G,T,+,1
TG->AG,53,0,A,G,+,1
GA->CC,34,5,C,C,-,1
AT->CA,16,29,A,T,-,1
CC->TG,0,35,C,A,+,1
CT->CA,32,25,C,C,+,1
CG->AA,27,17,C,T,+,1
TG->TC,18,38,A,A,+,1
AT->CT,20,51,T,G,-,1
AT->CA,71,3,C,G,-,1
TC->GA,7,35,C,C,+,1
CT->CG,5,24,C,A,+,1
CG->TC,31,22,G,T,-,1
AG->AT,47,0,C,T,+,1
TA->GG,47,5,C,G,+,1
CA->GA,0,35,C,T,+,1
CC->TT,17,14,A,G,+,1
GC->TG,2,46,G,A,+,1
CA->GA,90,28,T,G,-,1
TA->TG,0,53,T,G,+,1
GA->GA,38,48,G,G,-,1
GA->GA,34,5,T,A,-,1
TC->TG,0,40,T,G,-,1
TC->TC,0,48,T,G,-,2
TG->TG,3,32,C,C,+,1
GT->GC,35,23,T,T,-,1
CC->TT,29,21,C,G,-,1
TC->AT,4,46,C,A,+,1
TC->AC,28,16,C,G,-,1
GC->AC,29,10,C,T,+,1
CC->TG,17,40,C,G,+,1
TT->CA,10,54,A,G,+,1
GG->AA,35,0,A,A,+,1
TC->TC,84,14,A,C,+,1
GG->AC,23,26,A,T,-,1
TG->AT,37,0,A,T,-,2
AG->AC,21,26,C,G,-,1
CC->TG,0,83,C,G,+,1
AA->GT,35,20,G,T,+,1
CG->CC,29,30,A,C,-,1
CT->AC,3,53,A,T,-,1
AG->AA,38,25,C,T,-,1
AA->GT,36,2,G,A,+,1
AT->CT,55,38,C,G,-,1
AG->TA,22,23,C,A,+,1
TC->GT,41,3,A,G,-,1
GC->TC,3,43,C,C,+,1
CC->TA,0,66,C,C,+,1
AT->CG,30,10,A,G,-,1
GT->CG,28,13,C,G,-,1
TA->TG,29,0,T,G,-,1
CT->CG,8,39,C,A,-,1
CC->TT,0,41,C,G,-,2
GC->GG,44,23,G,T,+,1
CA->GC,4,26,C,C,-,1
AT->CA,40,7,C,G,+,1
AC->TT,0,61,A,T,-,1
TC->AA,18,19,G,A,-,1
AG->AA,100,0,C,A,-,1
GT->GC,9,20,G,C,-,1
CA->TC,3,35,C,T,+,1
CA->GG,9,43,T,T,-,1
TT->CC,53,2,C,C,-,1
CC->TG,31,32,G,C,+,1
AC->TG,37,27,A,G,-,1
CT->CA,38,9,C,G,+,1
GC->TG,20,32,C,G,-,1
TG->AC,46,0,C,C,-,1
CG->AA,34,43,C,T,-,1
CG->AG,75,2,C,T,-,1
GG->TT,9,13,C,A,-,1
TC->TG,3,45,C,A,-,1
CT->CA,11,16,A,A,-,1
TG->TA,34,24,G,T,+,1
CT->CG,34,6,C,G,+,1
TC->AT,21,26,G,C,-,1
AC->TG,45,4,G,G,-,1
AG->AC,59,0,G,C,-,1
GG->AT,38,0,C,T,-,1
AA->GT,25,54,C,T,+,1
GA->GG,39,9,G,G,-,1
CG->AG,45,2,C,T,+,1
CA->GG,9,31,C,C,-,1
TG->AA,36,42,G,G,+,1
GC->TT,44,9,C,C,+,1
GC->TC,86,1,A,C,+,1
AT->CA,18,33,T,G,-,1
TG->AA,39,0,C,A,+,2
TC->TT,0,51,T,A,+,1
AG->AC,28,7,A,T,+,1
CG->AA,64,13,C,G,-,1
AC->AA,1,41,A,T,-,1
TA->GG,12,38,A,G,-,1
GA->GG,41,9,A,T,+,1
TC->TA,0,42,T,G,+,1
AC->TT,0,38,A,C,-,1
CG->AT,24,26,T,C,+,1
AT->CA,49,21,G,T,-,1
TG->TT,27,39,A,G,-,1
AA->TA,3,63,C,C,-,1
CG->AG,42,1,C,G,-,1
TC->TC,5,30,C,T,-,1
AG->AT,34,0,T,T,-,1
AC->TG,26,27,C,A,+,1
AC->TG,28,14,C,A,-,1
TG->TT,18,25,G,G,-,1
CA->GT,30,74,A,T,-,1
AC->TT,42,13,C,G,-,1
TG->AA,44,0,A,A,-,1
CC->TG,19,45,C,G,+,1
CT->AC,40,1,C,T,-,1
AC->TT,24,28,G,T,+,1
TA->GG,14,33,G,G,-,1
TA->GC,37,2,A,G,+,1
GT->AG,0,22,G,T,+,1
CG->AT,40,2,C,C,-,1
AC->TC,4,53,C,C,+,1
TG->TG,19,30,A,A,+,1
TC->TT,42,18,C,G,-,1
CG->AG,16,21,C,C,+,1
TT->CA,36,6,G,T,-,1
AC->TG,2,31,C,T,-,1
CC->TA,0,32,C,T,+,1
CA->GT,26,43,G,C,+,1
TC->TT,0,27,T,C,+,1
CG->AC,38,1,G,C,+,1
TC->TT,0,64,T,C,+,1
GA->GA,14,36,G,G,-,1
TC->TA,0,41,T,T,+,1
TG->AA,23,22,C,C,-,1
CG->AT,37,1,G,T,+,1
GG->TA,10,42,A,G,+,1
AG->AA,12,56,G,C,+,1
AC->TG,18,34,A,C,+,1
CG->AT,48,1,C,G,+,1
GA->GA,48,12,C,C,+,1
AC->TG,6,57,G,C,+,1
CG->AT,44,0,A,T,-,1
CC->TT,0,64,C,C,-,1
CG->TA,32,4,A,A,-,1
CG->AA,1,46,G,C,+,1
AC->TG,1,49,A,G,+,1
GG->TC,34,3,G,A,-,1
GA->GT,32,29,A,G,-,1
GC->TG,2,38,C,T,-,1
TT->CG,69,6,C,G,-,1
TC->TG,29,1,C,C,-,1
TA->GA,31,35,C,C,+,1
AT->CC,40,42,C,G,+,1
GT->CG,14,19,C,A,-,1
CA->GT,1,58,C,T,+,1
AC->TA,0,50,A,G,+,1
CG->AT,37,0,A,T,+,1
GT->CG,19,23,C,G,-,1
CG->AT,37,1,C,G,+,1
CC->GC,27,26,G,C,-,1
CC->TG,24,59,C,C,-,1
GA->GT,3,33,C,G,+,1
TC->AT,4,33,C,G,-,1
GC->TG,2,75,C,A,+,1
AC->TG,18,27,T,G,+,1
AT->CT,22,43,G,G,-,1
AG->AA,19,52,C,G,-,1
AG->AC,28,41,C,G,+,1
AG->AT,38,0,T,T,+,1
CA->TA,15,22,A,T,-,1
AC->TG,2,52,G,G,-,1
AT->GG,19,23,C,C,+,1
TC->TG,0,38,T,T,+,1
CC->AC,26,13,C,T,-,1
CT->CT,15,34,A,G,+,1
TC->TG,0,63,T,G,+,1
GC->TG,0,52,G,G,+,1
AA->GG,29,18,A,T,+,1
AG->CT,62,2,A,G,-,1
AG->AA,47,0,A,A,+,1
AT->CG,14,54,C,G,+,1
GC->TA,0,53,G,T,+,1
TC->TT,30,66,C,G,-,1
CC->TG,34,3,C,G,+,1
CG->AT,12,47,C,G,+,1
CG->AC,84,4,C,G,+,1
GG->AT,49,0,A,T,-,1
GT->CT,52,3,C,G,-,1
AC->TA,9,39,C,C,-,1
CA->GG,29,10,T,G,-,1
AG->AT,43,8,C,G,+,1
AA->TG,78,19,C,T,-,1
CC->AA,51,14,C,G,+,1
CG->TT,12,18,C,A,+,1
GG->TC,14,59,G,G,+,1
GC->AC,46,11,G,G,+,1
CA->GC,24,61,C,C,+,1
AG->AA,40,0,G,A,+,1
CG->AA,67,2,G,G,-,1
TT->CT,57,20,T,C,-,1
TA->GT,12,87,C,G,-,1
AC->TT,0,49,A,C,-,1
AA->GC,11,44,C,G,+,1
GG->AG,97,0,A,G,+,1
CC->TG,0,33,C,A,-,1
AG->AG,12,25,C,G,+,1
GG->TG,33,31,T,G,+,1
AT->CG,47,1,A,G,+,1
TC->TA,30,21,A,G,-,1
CG->AC,38,38,C,G,-,1
TG->TG,41,12,A,G,-,1
AC->TG,0,52,A,G,-,1
CC->AC,31,22,C,T,+,1
AC->AC,0,46,A,G,+,1
AG->AT,21,56,G,T,-,1
CA->GT,13,26,C,A,-,1
CG->AC,31,23,C,C,+,1
CC->TG,0,47,C,A,-,1
TG->AG,81,0,C,G,+,1
CC->TG,0,37,C,A,+,1
AC->TT,0,41,A,A,-,1
AC->TG,3,30,C,C,+,1
TC->TC,38,25,C,G,+,1
GT->GC,29,17,C,T,+,1
AC->AG,48,40,C,A,-,1
CG->AG,37,10,C,C,-,1
CC->TG,0,58,C,G,+,1
GG->AC,12,38,G,C,+,1
AG->AG,14,57,A,A,-,1
TC->TT,68,14,A,A,-,1
TT->CG,66,0,C,G,+,1
AC->TG,2,65,T,A,-,1
TG->AC,37,0,T,C,+,1
GC->TT,0,49,G,G,+,1
AC->TA,24,41,T,T,+,1
TG->AG,48,0,C,G,+,1
TC->TA,36,11,C,A,+,1
CG->AC,35,5,T,A,-,1
AT->CG,24,43,C,G,-,1
GG->AG,54,0,A,G,-,1
GG->AA,40,69,T,A,-,1
CA->GC,23,53,C,G,-,1
CT->CA,22,39,C,T,-,1
CG->AC,7,73,C,A,+,1
TG->CG,26,21,T,T,-,1
AT->CG,23,34,T,T,+,1
TG->TA,13,32,C,G,-,1
CG->AC,17,57,A,C,+,1
TT->CA,11,36,A,A,-,1
CG->AC,28,11,C,G,-,1
TC->TA,0,57,T,A,+,1
TC->TG,0,47,T,G,-,1
TC->AT,56,9,C,A,+,1
AA->GT,9,30,A,G,+,1
GT->CA,14,35,C,T,-,1
CG->AT,66,1,T,G,+,1
AG->AT,71,0,A,T,+,1
GT->AG,1,51,T,G,+,1
AA->TA,37,16,G,G,+,1
CC->TG,0,35,C,G,+,1
CG->AC,2,38,A,G,-,1
AT->CG,11,43,T,G,+,1
AA->GA,16,37,A,G,-,1
GC->AT,44,61,A,G,-,1
AT->CT,6,38,C,T,-,1
TG->TG,28,36,G,G,+,1
TT->CT,41,3,T,T,-,1
AC->TC,25,25,T,T,-,1
AG->AG,31,16,A,G,-,1
CC->TG,6,72,T,C,+,1
CG->AA,40,1,G,G,-,1
TG->AT,18,30,A,G,-,1
CG->AT,29,17,T,G,+,1
AC->TA,0,57,A,T,+,1
CT->AC,31,43,A,C,+,1
TA->GA,55,15,T,G,-,1
CT->AA,0,37,C,C,+,1
AC->GA,12,35,C,G,-,1
GC->TT,26,0,G,T,+,1
AC->TG,1,38,C,G,-,1
CA->GT,13,26,C,G,-,1
CA->CG,29,20,A,G,-,1
GC->TG,0,39,G,C,+,1
CG->AA,33,2,G,G,-,1
CT->AC,16,26,C,T,+,1
AC->GT,21,25,C,T,+,1
AA->GT,35,27,A,G,+,1
TT->CT,66,26,A,C,-,1
TT->AT,8,34,G,A,+,1
TG->AC,30,0,T,C,-,1
GG->AT,30,21,A,C,-,1
TC->TG,6,65,A,A,-,1
AA->TA,5,43,T,G,+,1
GG->TC,32,15,T,C,-,1
CC->AA,0,59,C,G,+,1
TG->TG,35,2,G,T,-,1
AC->TG,0,39,A,G,-,1
AA->GC,30,9,C,T,+,1
AT->CA,8,41,G,T,-,1
CG->AG,21,76,C,T,+,1
AC->TA,0,52,A,A,+,1
GC->TC,12,47,C,G,+,1
AT->AG,21,17,T,G,-,1
CA->GA,37,14,A,A,-,1
TA->CA,35,45,A,G,-,1
AT->CG,32,7,A,A,-,1
GG->AC,2,45,T,G,-,1
AG->AT,42,38,C,T,+,1
TC->TA,0,46,T,G,+,1
CG->AG,27,6,G,G,-,1
AG->AG,31,0,C,G,-,1
AT->GA,1,53,C,G,+,1
AC->TG,26,10,A,G,-,1
TC->TG,0,67,T,G,-,1
GT->CC,4,52,C,G,-,1
CG->AT,42,0,A,T,-,1
GG->AC,34,39,A,G,-,1
GC->AA,15,17,A,A,-,1
GC->AA,13,33,A,G,+,1
GC->GT,16,42,A,G,+,1
GG->AA,16,71,C,G,+,1
TT->CC,40,8,T,G,+,1
TG->AG,22,46,G,C,+,1
AA->CC,43,33,G,A,+,1
CG->AG,27,12,A,T,-,1
GT->CG,0,59,G,A,+,1
TT->AG,23,8,C,T,-,1
TT->GG,15,24,C,G,-,1
CC->TA,0,53,C,C,+,1
GC->TG,26,23,C,G,-,1
TC->TG,0,60,T,T,+,1
TC->GG,38,36,A,C,+,1
TC->TG,0,45,T,C,+,1
CG->AA,31,2,G,A,-,1
CA->GT,37,7,C,A,-,1
AA->GT,1,45,C,C,-,1
CG->AT,24,1,C,G,-,1
CG->AC,45,39,C,A,-,1
CA->GG,37,45,C,G,+,1
AT->CG,14,79,A,G,+,1
GA->GG,8,34,C,T,-,1
GA->CG,32,22,C,A,+,1
TG->AT,32,25,A,T,+,1
GG->AT,13,38,T,T,-,1
GC->TG,4,38,A,G,-,1
CT->CT,16,24,C,C,-,1
CC->TA,0,80,C,G,+,1
TA->TT,28,23,C,G,+,1
GG->AT,44,0,T,T,+,1
GA->TC,13,24,G,A,-,1
TG->AT,48,0,A,T,-,1
AC->TG,24,24,C,G,+,1
TC->TT,0,75,T,G,-,1
TG->TC,57,31,A,G,-,1
CG->AG,19,47,C,T,+,1
CT->CC,35,3,C,A,-,1
CG->AC,39,2,C,A,+,1
AA->TT,7,32,C,G,-,1
TC->TT,30,3,C,G,-,1
CA->GG,21,16,C,G,-,1
CG->AC,29,15,C,A,+,1
AC->TG,40,16,C,G,-,1
AC->TA,0,80,A,C,-,1
TA->GT,17,37,G,T,+,1
GA->GA,32,8,C,G,-,1
AA->TC,29,23,A,G,-,1
AC->TG,6,30,A,A,+,1
CC->TT,0,69,C,A,-,1
CG->AA,24,45,C,T,+,1
CG->AG,32,10,G,G,+,1
CA->GT,21,56,C,T,-,1
CG->AG,32,12,C,G,+,1
GC->AC,13,31,C,G,+,1
AC->AA,19,25,C,G,-,1
GT->AG,14,31,G,G,+,1
AG->AC,51,0,C,C,+,1
CT->CG,30,20,T,T,-,1
AG->AG,43,0,A,G,-,1
CA->GT,14,38,C,G,-,1
AA->GC,35,9,C,A,+,1
AC->TG,4,55,C,T,-,1
AG->AC,84,0,G,C,+,1
CC->TG,22,20,C,G,-,1
CG->AC,63,28,A,C,-,1
CA->GG,1,51,A,A,+,1
TA->GT,34,15,C,C,+,1
CT->CA,14,18,A,C,+,1
CG->AG,31,18,A,G,+,1
GG->AG,57,0,G,G,-,1
GT->CG,20,24,T,T,-,1
CG->AA,38,1,G,G,-,1
AG->AG,60,0,G,G,-,1
TC->AT,50,44,C,G,-,1
CG->AC,57,20,C,T,-,1
CT->CC,35,2,C,T,-,1
AT->CT,7,41,C,G,-,1
CT->AT,0,43,C,G,-,1
TT->GT,2,46,C,G,+,1
TC->TT,29,36,C,T,+,1
TT->CC,19,11,T,G,+,1
TC->TT,19,21,A,T,-,1
AT->CC,3,36,C,T,-,1
AA->GT,34,11,G,G,+,1
GG->AC,38,0,T,C,-,1
CG->TT,47,1,T,G,+,1
AC->AA,47,26,G,G,-,1
TT->CA,0,63,T,A,-,1
GC->TA,0,40,G,T,-,1
GG->AG,34,0,T,G,-,1
CA->GG,36,6,C,G,-,1
TG->AA,28,7,G,G,-,1
AC->TG,2,45,T,G,-,1
AC->TC,40,18,T,G,-,1
CA->GA,18,87,A,G,-,1
AG->AG,44,0,C,G,+,1
CG->AC,43,19,A,G,+,1
TT->GT,87,3,A,T,+,1
CA->GT,4,51,C,G,+,1
AC->TT,0,36,A,T,-,1
CT->AT,6,68,C,G,-,1
GA->GG,29,30,C,G,+,1
CA->GT,2,67,C,G,+,1
AA->GT,56,18,C,T,-,1
CA->CG,27,16,C,G,-,1
CC->TC,0,45,C,G,+,1
GT->CG,41,1,G,G,+,1
TT->CT,49,17,C,C,-,1
TG->AT,44,0,A,T,-,1
TT->AG,43,6,C,T,+,1
GT->GT,29,9,T,T,-,1
TT->CA,32,7,T,G,+,1
CC->AA,46,1,C,C,+,1
GC->TG,29,13,A,A,+,1
AC->TT,18,38,A,G,+,1
GC->TG,3,87,C,G,+,1
GC->TC,0,68,G,G,-,1
TG->AT,10,37,C,G,+,1
TA->GA,34,19,A,C,+,1
CG->AG,57,37,C,T,-,1
AC->TA,52,2,G,T,+,1
CG->AG,65,0,G,G,+,1
TG->AC,27,0,C,C,-,1
CT->CC,49,3,C,T,+,1
GG->AG,24,31,C,G,-,1
CA->GG,0,53,C,T,+,1
TG->AC,39,0,G,C,+,1
CG->AT,36,2,C,C,-,1
AC->GG,20,22,C,G,-,1
GG->AC,54,0,G,C,+,1
CC->TA,0,54,C,T,-,1
AA->GT,32,29,C,C,-,1
AC->TG,0,53,A,G,+,1
GG->AC,22,13,A,T,-,1
GC->TC,0,75,G,T,+,1
TG->AG,27,5,T,G,+,1
CC->TG,16,29,A,G,-,1
AG->AC,84,0,A,C,-,1
TG->AT,57,26,G,G,-,1
CG->AC,47,0,T,C,+,1
TT->CG,21,44,C,C,+,1
GG->AA,89,0,C,A,-,1
GT->AA,26,14,T,G,+,1
CA->GG,0,48,C,G,+,1
CG->AG,41,1,T,T,-,1
GT->CG,2,48,C,G,-,1
CA->TT,6,39,A,A,-,1
AT->CT,1,41,A,G,-,1
CG->AG,28,66,A,C,+,1
CG->AC,5,27,T,C,-,1
CC->TG,0,45,C,G,-,1
TA->GG,41,7,A,G,+,1
GT->GA,8,33,C,T,+,1
GT->GC,6,48,C,G,-,1
TG->AT,41,0,C,T,-,1
CA->GG,38,25,A,A,+,1
GC->TC,0,44,G,C,-,1
AC->AT,39,0,A,T,-,1
TC->TC,6,28,A,C,-,1
CC->TC,0,46,C,C,+,1
AT->CA,13,50,C,G,-,1
GG->AA,32,42,G,C,-,1
CA->TG,9,26,C,G,-,1
CG->AT,57,0,C,T,+,1
AC->TT,35,12,C,G,+,1
AA->GA,19,29,A,G,-,1
CG->AG,43,26,C,T,+,1
CG->AT,41,0,C,T,-,2
CC->TG,35,47,C,G,-,1
TC->TT,0,34,T,T,+,1
CC->TG,1,62,G,T,+,1
GG->AG,10,30,C,G,-,1
GT->CT,26,23,C,A,+,1
GG->AA,28,66,G,G,-,1
TC->TT,0,41,T,T,-,1
CA->GG,14,36,C,C,+,1
AC->AG,18,58,C,G,+,1
GG->AA,11,60,C,G,+,1
CG->AC,56,2,C,A,+,1
AC->TT,0,45,A,A,+,1
TC->TA,0,47,T,G,+,1
TG->AT,60,0,A,T,+,1
CG->AT,55,8,C,G,-,1
TC->TT,21,23,G,A,+,1
AA->TG,2,39,C,G,-,1
GG->AT,37,3,A,G,-,1
TC->TG,1,60,G,A,-,1
CG->CA,4,36,C,G,-,1
CG->AT,32,20,C,A,+,1
GC->TA,0,55,G,C,-,1
CC->TG,43,20,T,C,+,1
AC->TA,13,24,T,A,-,1
AG->AA,76,0,T,A,-,1
GC->TA,0,45,G,T,-,1
AA->GC,11,26,A,A,-,1
AC->TG,2,96,C,T,+,1
GT->AG,8,55,A,C,-,1
GC->TG,2,35,A,T,-,1
CC->TG,0,38,C,G,+,1
AC->TG,11,58,A,C,+,1
TT->CT,27,13,C,G,-,1
CT->CG,18,46,G,T,-,1
AA->GT,24,13,G,G,+,1
TC->TC,64,26,A,G,+,1
CT->CT,26,15,A,T,+,1
AG->AA,36,0,C,A,+,1
TC->TA,0,58,T,G,+,1
CT->CC,23,7,G,C,-,1
CG->AG,88,0,C,G,+,1
TC->TA,0,42,T,G,-,1
CA->GG,7,37,C,G,-,1
GA->GA,10,30,C,G,-,1
CC->GC,35,20,A,G,+,1
GG->AG,42,0,C,G,+,1
AG->TA,29,17,G,T,-,1
CG->AA,33,1,G,T,-,1
TG->AA,52,0,G,A,+,1
CG->AG,67,0,C,G,-,1
AG->AC,39,14,A,G,-,1
CC->TC,0,56,C,A,+,1
TG->AC,35,0,C,C,-,1
TT->CT,30,11,G,G,-,1
GC->TG,5,70,C,G,-,1
CG->AC,30,2,A,G,+,1
CC->AA,14,32,A,G,+,1
AA->GA,2,52,C,T,+,1
AG->AT,51,0,C,T,-,1
CT->CG,11,43,C,C,+,1
TC->TA,0,40,T,C,+,1
AA->CA,16,31,C,G,-,1
CG->AG,74,0,C,G,-,1
GT->AG,20,26,C,C,-,1
AC->TC,0,42,A,T,+,1
CG->AG,71,0,C,G,-,1
TG->AC,38,0,T,C,+,1
AT->CG,13,19,A,G,+,1
CA->GT,81,6,C,G,-,1
CC->TG,0,41,C,G,-,1
TT->CT,32,22,C,T,+,1
CG->AG,36,3,C,G,-,1
TA->GT,37,27,G,C,-,1
GG->AC,79,0,C,C,+,1
GA->GT,3,75,C,A,+,1
GC->AG,23,10,C,C,+,1
GT->GC,30,12,C,C,+,1
AC->TG,35,1,C,G,+,1
TC->GG,17,41,G,G,+,1
TG->AA,40,0,T,A,+,1
CG->AT,55,1,G,G,-,1
CG->AG,25,23,C,T,-,1
GC->TG,18,26,G,G,+,1
GG->TT,45,6,C,G,+,1
TA->GG,23,44,C,C,+,1
AG->AA,85,0,G,A,-,1
TA->TC,7,34,A,G,-,1
AT->CC,49,11,G,G,+,1
GA->GA,12,28,A,G,+,1
TG->AA,39,0,C,A,-,1
AT->CG,71,2,A,T,-,1
CA->GC,31,9,A,G,+,1
CC->TC,0,71,C,A,-,1
AC->TA,0,52,A,G,+,1
CC->TA,0,52,C,C,-,1
GC->AG,59,57,C,C,-,1
GG->AG,48,0,G,G,-,1
TT->CA,27,27,A,C,-,1
AC->TG,27,16,C,C,-,1
AC->TG,0,43,A,T,-,1
TG->AA,61,0,A,A,-,1
TG->AG,30,16,A,T,-,1
TA->TT,88,0,A,T,-,1
CA->GC,35,46,C,G,+,1
CC->AA,39,25,T,G,+,1
AC->TT,0,65,A,C,-,1
TC->TG,11,72,C,G,-,1
GA->GA,31,30,C,A,+,1
AT->AT,2,44,T,G,-,1
AG->AA,105,0,C,A,-,1
AC->TT,51,12,A,T,+,1
AC->TT,0,45,A,C,+,1
AA->GT,25,14,C,G,+,1
CG->AG,68,0,A,G,+,1
GA->GA,7,41,C,G,-,1
CG->AT,78,16,C,T,-,1
GA->GG,15,41,C,G,-,1
GC->TC,20,27,G,G,-,1
AT->CC,26,22,C,T,-,1
TT->CC,38,7,G,C,+,1
CC->TG,0,83,C,T,+,1
AT->CT,27,17,A,T,+,1
GT->AT,6,63,C,C,-,1
CT->GA,18,26,C,T,+,1
AA->GC,18,55,G,G,+,1
CA->GC,40,12,T,C,+,1
GT->CG,38,14,A,C,-,1
TT->AG,24,45,C,G,+,1
CG->AT,30,10,C,G,-,1
GA->GT,53,5,C,G,-,1
GC->TT,0,41,G,G,+,1
TA->GT,14,33,G,G,-,1
TA->CT,14,16,C,C,+,1
CC->TT,0,49,C,G,+,1
TG->AC,39,13,G,G,+,1
CG->AC,40,4,C,A,-,1
TC->TA,26,27,A,G,-,1
CG->AT,9,44,A,G,+,1
CG->AA,15,22,A,G,-,1
CA->GT,37,32,G,A,+,1
TC->TA,10,71,C,G,-,1
GA->GG,23,31,C,T,-,1
CA->GC,12,35,C,G,-,1
AG->AT,7,59,C,G,-,1
CT->CA,33,34,C,G,-,1
TG->AG,33,8,T,T,+,1
AT->AC,31,2,G,C,-,1
GG->AT,52,25,G,T,+,1
AC->TA,25,15,G,G,-,1
AT->CC,35,42,C,G,-,1
GA->TA,9,20,T,T,+,1
TT->GA,13,30,C,G,+,1
CG->AA,23,22,A,G,-,1
CG->AC,58,1,C,C,+,1
CC->TG,0,89,C,C,-,1
AT->GG,9,43,G,G,+,1
CA->GA,20,26,G,G,-,1
GC->AG,12,37,C,G,+,1
GG->AC,47,0,C,C,+,1
TG->AC,39,0,T,C,-,1
CG->AT,61,4,A,T,+,1
TG->CT,34,77,T,G,+,1
TG->TA,6,28,T,G,+,1
CA->GT,26,11,C,T,-,1
AG->AA,49,0,C,A,+,1
GC->TC,0,51,G,T,+,1
TT->CG,87,5,G,G,-,1
CG->AG,73,0,G,G,+,1
TT->CG,44,21,A,T,-,1
AC->AA,5,33,C,G,-,1
CC->TT,0,68,C,A,+,1
CC->TG,0,51,C,C,+,1
AG->AG,76,5,C,G,-,1
AT->CG,79,0,C,G,+,1
CC->TG,0,46,C,C,+,2
GA->CC,59,39,T,A,+,1
CC->TA,0,27,C,T,-,1
GC->TA,31,23,C,A,+,1
GC->AA,39,38,C,G,-,1
TA->GA,0,37,T,A,-,1
GC->TT,23,8,G,G,+,1
CA->GT,83,8,C,G,+,1
AC->TA,0,97,A,G,+,1
GC->TT,0,80,G,T,-,1
CC->TA,0,49,C,A,+,1
TC->TT,2,56,A,G,+,1
AG->AG,53,5,A,G,+,1
CG->AC,37,6,G,G,+,1
GT->CT,19,20,T,A,+,1
TT->AC,45,4,C,T,-,1
TT->CT,23,35,C,G,+,1
CG->AA,49,2,C,T,-,1
CG->AA,6,38,A,G,-,1
GG->AT,55,16,G,G,-,1
CT->CC,32,57,G,A,-,1
TG->AA,13,50,C,C,-,1
AA->TC,32,17,A,C,-,1
AT->CG,35,12,C,T,+,1
CC->TA,0,44,C,C,-,1
CG->AA,85,1,C,G,+,1
CA->CC,31,12,T,C,+,1
AG->AA,4,40,C,G,-,1
CA->GT,34,10,C,A,+,1
TA->GT,1,31,C,A,+,1
AG->AA,29,7,C,T,-,1
CT->CG,13,48,A,G,+,1
TC->TC,2,59,C,T,+,1
GG->TA,89,15,A,A,-,1
CC->AG,42,13,T,T,+,1
TG->AT,71,3,C,G,+,1
CA->GT,24,14,T,C,+,1
CG->AC,34,9,T,C,+,1
TC->TG,1,28,C,C,+,1
CG->AA,44,1,C,G,-,1
TG->AG,51,20,C,C,-,1
CT->CA,47,9,A,C,-,1
AG->AA,51,0,T,A,-,1
GT->CA,34,11,A,C,-,1
CC->TC,8,48,T,A,+,1
CT->GC,1,40,C,T,-,1
CG->AG,11,31,G,G,+,1
AA->TA,45,4,G,G,+,1
CT->CC,21,49,T,G,+,1
CG->AC,42,19,T,G,-,1
TT->CG,70,0,A,G,+,1
GT->GT,35,21,T,C,+,1
AA->TT,9,34,G,T,+,1
CG->AT,11,27,A,G,+,1
TT->CC,60,4,T,G,+,1
CA->GG,0,76,C,C,-,1
CA->GG,19,34,C,G,+,1
CT->CG,14,41,C,T,-,1
GC->AC,45,6,C,G,-,1
AG->AT,63,0,C,T,+,1
CG->AT,28,1,A,G,+,1
AA->CT,26,20,C,A,-,1
TC->TT,15,36,T,C,-,1
CC->TG,0,43,C,A,-,1
GG->TT,5,33,C,A,+,1
AC->TA,0,45,A,G,-,1
TC->AC,30,7,C,G,+,1
CT->CT,21,13,G,T,-,1
TG->AT,10,47,C,C,-,1
AC->TG,66,33,C,G,+,1
AC->TA,0,42,A,A,+,2
CA->GT,29,14,T,G,-,1
CC->TA,0,112,C,G,-,1
CG->AC,46,1,C,C,-,1
AA->CC,19,23,T,C,+,1
CA->GT,42,30,G,G,-,1
CG->AG,80,15,G,T,-,1
AC->TA,0,39,A,C,+,1
CA->GT,33,28,C,A,-,1
TA->GA,19,17,A,G,-,1
CG->AC,36,0,C,C,-,1
CC->TA,40,0,C,A,-,1
AG->CT,81,12,A,A,+,1
TC->TG,0,50,T,C,-,1
AG->AC,41,0,C,C,-,1
CA->TT,58,0,T,T,-,1
AG->TC,0,41,A,T,+,1
CG->AA,50,2,T,A,+,1
CC->TA,0,63,C,G,+,1
AC->AA,29,68,T,T,-,1
TG->AC,41,9,T,T,+,1
CC->TG,1,67,G,G,-,1
AT->CC,18,20,G,G,-,1
CT->CT,11,30,A,G,-,1
AC->TA,35,6,C,G,+,1
TG->AA,55,0,T,A,-,1
AC->TA,0,107,A,C,-,1
GC->TT,0,65,G,A,+,1
CG->AG,48,0,T,G,+,1
AC->TG,1,32,G,T,+,1
GT->AA,4,28,C,G,-,1
AC->TG,22,39,C,C,-,1
CG->TG,52,24,C,T,-,1
CA->GC,25,15,G,G,+,1
GA->GT,7,46,C,C,+,1
TG->AT,54,0,A,T,-,1
AG->TC,8,25,T,G,-,1
AC->TA,0,73,A,T,-,1
CA->GT,7,36,G,G,-,1
AA->GA,59,4,A,C,+,1
AC->TG,14,30,C,G,+,1
CC->TT,0,40,C,G,+,1
GG->AA,2,37,G,G,-,1
AT->CG,30,4,A,C,+,1
CG->CG,26,34,G,G,-,1
TC->TG,6,56,C,G,+,1
AA->TG,27,8,C,T,+,1
AC->TA,27,10,A,T,-,1
TG->TG,51,16,C,G,+,1
CT->AC,16,15,G,G,-,1
CT->CA,6,64,T,C,-,1
CC->TG,0,54,C,G,+,1
CG->AT,36,0,C,T,-,1
CG->AT,61,0,C,T,-,1
CG->AG,44,0,C,G,-,1
TC->TG,56,44,A,G,-,1
AG->AA,54,23,G,C,-,1
CA->GT,41,17,T,T,-,1
GC->TG,2,32,A,C,+,1
TA->CG,12,56,A,G,-,1
TT->CA,31,18,C,G,+,1
TC->TG,24,43,G,T,+,1
TC->TG,4,35,G,A,+,1
CC->TG,0,52,C,A,+,1
TG->TG,35,38,T,T,+,1
CT->CG,31,13,C,A,+,1
TC->TG,2,36,C,A,+,1
GC->AC,26,22,T,G,-,1
CC->TG,0,51,C,C,-,1
TG->AA,33,35,G,G,-,1
TC->TG,3,65,A,G,-,1
TT->CG,12,43,A,A,-,1
AG->AC,1,33,C,T,+,1
TC->AC,27,61,A,G,-,1
GC->TG,2,56,C,G,+,1
CC->TA,0,43,C,G,-,1
GC->TG,24,25,C,G,-,1
CG->AT,43,1,A,A,-,1
TA->GC,32,10,C,C,-,1
CA->GC,13,60,C,A,-,1
CG->AT,40,18,C,C,-,1
TC->TT,0,38,T,G,+,1
CA->GC,39,12,C,T,+,1
TG->AC,44,42,C,C,+,1
CG->AG,45,0,A,G,-,2
TT->CT,60,5,G,G,+,1
GC->TG,0,57,G,G,+,1
AT->CT,33,10,C,T,+,1
TC->GT,14,27,C,T,-,1
CC->TT,0,39,C,A,+,1
CC->TT,30,4,C,G,-,1
TC->TA,26,17,T,A,+,1
GG->AA,7,54,A,G,+,1
AG->TA,34,10,C,T,+,1
AA->GT,26,12,C,A,-,1
AA->GA,0,59,A,G,+,1
AA->GG,67,1,C,A,+,1
AC->TG,12,56,C,T,-,1
AG->AC,44,0,C,C,-,1
TG->AG,50,0,A,G,-,1
CA->GG,1,41,C,A,+,1
CA->GA,8,24,T,C,-,1
AC->TG,0,61,A,T,+,1
GG->AG,52,0,C,G,-,1
TA->GT,1,35,C,A,+,1
CG->AT,37,20,A,C,-,1
AC->TG,2,29,G,G,+,1
CG->AT,33,20,C,T,+,1
GC->AA,29,19,C,A,-,1
AC->TC,0,28,A,A,+,1
TT->CT,50,8,A,G,-,1
GC->TA,0,42,G,C,+,1
GG->AT,59,12,G,G,+,1
GC->TG,7,47,C,C,+,1
TA->GC,24,31,T,G,+,1
GC->AT,27,9,C,G,+,1
GT->GG,5,57,C,G,+,1
CT->CG,30,21,G,T,-,1
CC->TC,55,55,G,G,-,1
TG->TT,55,1,A,A,-,1
CC->TG,0,45,C,G,+,1
GC->AC,38,8,T,G,-,1
TC->TG,48,29,A,G,+,1
GG->AA,37,0,G,A,-,1
GT->CA,31,20,C,G,+,1
TC->TG,31,14,G,G,-,1
GC->TG,3,45,G,G,+,1
GT->CG,17,15,C,A,-,1
TG->AT,29,17,C,A,-,1
TG->AA,48,0,A,A,+,1
CA->GT,0,37,C,C,+,1
GC->TC,0,64,G,C,+,1
TA->GT,13,31,A,C,+,1
GG->AA,3,50,T,G,+,1
CT->CG,35,0,C,G,-,1
CG->AT,45,5,A,G,-,1
GC->TG,19,28,A,C,-,1
AC->TG,0,84,A,C,-,1
TA->GC,6,37,C,C,-,1
AT->CA,56,1,C,T,+,1
GA->CT,19,17,A,A,+,1
AC->TT,23,18,A,T,+,1
GC->TA,0,40,G,G,-,1
TA->CT,30,6,C,G,+,1
AT->CC,26,18,A,A,-,1
TC->TC,24,24,C,G,+,1
CG->AC,46,0,G,C,-,1
GG->AG,24,9,A,G,-,1
CA->GT,36,9,C,G,-,1
TC->TT,21,33,A,G,+,1
AA->GG,29,20,C,T,+,1
AC->TG,44,0,C,G,+,1
TA->GA,14,27,T,C,+,1
CC->TA,0,39,C,G,+,1
AC->TC,0,43,A,C,-,1
AC->TG,0,43,A,A,+,1
AG->AA,49,0,G,A,+,1
CG->AT,67,0,C,T,+,1
TA->CT,42,10,C,A,+,1
AC->TT,26,20,C,G,-,1
AC->TG,17,23,T,C,-,1
CG->AC,31,15,A,G,-,1
AG->AG,11,29,G,G,-,1
GC->TG,36,21,C,T,-,1
GC->TT,0,49,G,T,+,1
CC->TA,0,52,C,T,+,2
AG->AG,45,0,G,G,-,1
CG->AT,51,9,G,C,-,1
GA->GT,20,42,T,G,+,1
AG->AA,29,0,C,A,-,1
TT->AA,49,16,C,T,-,1
AA->GG,50,7,C,T,-,1
CG->AT,98,2,C,G,+,1
CC->TT,19,32,C,A,+,1
GC->TG,3,40,C,A,-,1
TC->AA,31,27,A,G,-,1
AC->TG,0,36,A,G,-,1
TG->AG,63,0,C,G,+,1
GT->CC,79,0,C,C,-,1
CT->AC,31,12,T,C,+,1
CA->GG,47,15,G,G,-,1
CG->AA,62,1,G,G,-,1
CA->TC,19,31,A,G,+,1
GT->CG,35,13,A,G,+,1
AC->TT,0,36,A,C,+,1
GC->TG,39,12,C,G,-,1
AT->CG,62,17,C,G,+,1
CT->AG,36,4,A,C,+,1
CA->GA,5,42,C,C,-,1
AG->TG,8,35,G,G,-,1
GC->TA,0,37,G,A,+,1
TC->TC,0,45,T,T,+,1
TC->TA,11,49,A,A,+,1
TC->TA,32,16,C,G,-,1
CG->AC,27,21,C,G,+,1
GG->TA,0,75,G,C,-,1
GC->TA,15,19,C,A,-,1
CG->AC,65,14,C,C,-,1
CG->AT,37,2,A,G,+,1
AC->TA,18,29,T,A,+,1
TC->TT,0,47,T,G,-,1
AA->GT,28,60,T,T,+,1
AC->TA,0,52,A,T,+,1
CT->GT,14,27,C,C,+,1
AA->GA,1,38,T,C,-,1
CG->AT,34,14,C,T,-,1
GG->AA,67,32,C,C,-,1
CG->AA,42,10,C,G,-,1
CA->CT,61,13,A,C,-,1
AT->CC,33,21,A,G,-,1
CA->GG,16,38,C,G,-,1
AC->TG,35,6,T,G,+,1
TT->GG,9,71,A,G,-,1
AA->TT,49,18,G,G,+,1
AC->TT,67,0,A,T,-,1
AC->TC,110,12,G,G,-,1
CC->AA,9,32,A,A,+,1
TA->GC,21,19,G,C,+,1
AA->GT,23,18,C,G,+,1
TT->GA,33,10,T,G,-,1
AG->AA,29,28,C,A,+,1
CG->AG,0,37,C,T,-,1
TG->AC,45,0,C,C,+,1
CT->CT,36,65,C,T,+,1
AC->GC,26,26,A,G,+,1
AA->GA,3,44,G,T,+,1
CA->GG,19,65,C,A,-,1
GC->TC,6,33,G,C,-,1
GC->TT,0,32,G,A,+,1
CC->TA,0,65,C,C,-,1
GG->AG,45,0,T,G,-,1
CG->TG,20,37,A,A,+,1
GC->TG,24,49,A,G,+,1
GA->TT,46,5,A,C,-,1
AT->CG,32,10,G,G,+,1
GT->CG,35,30,C,C,+,1
GT->CG,32,5,T,T,-,1
GG->TT,68,32,A,G,-,1
AC->TG,19,48,T,C,-,1
CG->AG,57,0,C,G,-,1
TA->GA,1,25,A,A,-,1
AA->GA,3,50,C,G,+,1
TC->TG,29,12,C,G,-,1
AG->AC,66,0,A,C,+,1
GC->AC,19,13,A,C,+,1
TA->CT,37,26,C,T,+,1
AC->TC,2,51,C,C,+,1
CT->CG,29,11,G,T,-,1
TC->AA,58,35,C,G,+,1
GA->GA,28,35,G,G,-,1
CC->TG,0,47,C,G,-,1
GG->AC,24,25,C,G,-,1
AT->CG,32,19,A,G,-,1
TG->AG,68,0,G,G,-,1
GG->AT,63,0,C,T,+,1
CC->TG,0,39,C,T,-,1
GA->GG,41,28,A,A,+,1
CC->TA,0,76,C,G,-,1
CT->CG,39,36,C,T,+,1
AC->AT,11,14,T,G,-,1
AC->TG,9,25,A,T,+,1
CA->GC,86,21,C,G,-,1
TC->TA,0,41,T,A,+,1
AA->GG,4,48,C,A,-,1
GC->AG,26,31,A,G,+,1
GG->TC,4,36,C,C,+,1
AA->GA,57,6,A,C,+,1
GG->TC,0,32,G,T,+,1
TT->GA,27,16,T,C,-,1
TC->TA,0,65,T,C,+,1
TG->AG,44,0,C,G,+,1
GC->TT,0,71,G,G,-,1
AG->TA,19,56,G,T,+,1
TT->CC,61,12,G,G,+,1
GC->TG,0,86,G,G,-,1
CC->AG,42,6,C,C,+,1
TC->TC,18,27,C,C,+,1
AG->AT,33,30,G,C,-,1
CT->CG,10,24,A,G,-,1
TT->CC,23,14,C,C,-,1
GC->TT,31,38,G,T,-,1
CG->AT,19,27,C,G,-,1
AG->AA,89,0,A,A,+,1
GT->AA,15,31,C,G,-,1
AG->AG,47,0,A,G,-,1
CC->TC,12,25,C,G,+,1
GC->TC,0,29,G,T,-,1
AC->TA,16,24,C,C,-,1
CG->AG,29,0,A,G,+,1
AC->TG,2,56,C,G,+,1
GC->TT,0,56,G,C,+,1
AG->TG,6,37,C,A,+,1
GG->TG,39,1,C,T,+,1
CG->AA,34,7,A,T,-,1
CT->CA,54,12,C,C,+,1
GG->AG,13,38,C,G,+,1
TC->TT,4,25,C,A,-,1
GT->CG,12,51,C,C,-,1
CG->AC,40,2,C,T,+,1
TC->TG,3,53,C,G,-,1
GC->TG,24,24,C,T,+,1
TG->TC,9,44,A,G,+,1
GT->AG,50,1,A,G,+,1
GC->TG,2,36,A,G,-,1
CG->AT,41,1,A,G,+,1
TG->AG,38,12,C,C,-,1
CG->AC,32,2,C,T,+,1
CG->AA,38,6,T,T,+,1
CG->AC,25,23,T,C,+,1
CT->CC,28,24,G,G,+,1
CG->AG,55,0,A,G,+,1
CG->AG,45,6,C,G,+,1
CG->AT,52,7,A,A,-,1
CC->AT,43,1,C,G,+,1
AG->TG,7,24,G,C,-,1
TT->CG,45,60,A,G,+,1
GC->TT,37,28,G,A,-,1
TC->TA,0,56,T,C,+,1
AA->TT,42,11,C,T,-,1
AG->AC,42,0,G,C,+,1
CC->AC,7,32,T,G,+,1
CC->TT,24,35,A,C,-,1
CT->CG,42,0,T,G,-,1
AG->AG,41,0,G,G,+,1
GT->CT,27,30,T,G,+,1
TG->TC,36,13,T,T,+,1
CC->TC,0,36,C,G,+,1
AG->TA,32,7,C,C,+,1
CC->AT,15,28,C,G,-,1
AT->CT,66,20,C,T,+,1
GC->TC,0,103,G,C,-,1
CG->AA,67,0,C,A,+,1
CT->CG,61,25,C,G,-,1
AA->GT,38,10,C,G,+,1
CT->CG,47,3,A,G,-,1
CA->GC,22,25,C,G,+,1
GC->TA,0,41,G,C,+,1
TC->TC,47,10,C,C,+,1
AG->AG,54,0,C,G,+,1
TA->GC,24,35,G,A,-,1
AG->AT,66,0,C,T,-,1
CA->GC,18,46,T,A,-,1
CG->AA,42,0,C,A,-,1
AC->TA,0,63,A,T,+,1
TC->TC,0,40,T,G,+,1
TA->GT,47,10,G,C,-,1
GG->AA,52,9,C,G,-,1
AA->TT,10,40,G,G,+,1
GT->CA,5,50,C,G,+,1
TT->CG,16,38,C,G,+,1
AC->TA,0,52,A,G,-,1
AA->CC,6,42,T,G,-,1
AG->AA,23,21,G,T,-,1
GC->AC,50,8,G,A,+,1
CG->AA,80,4,G,A,+,1
TG->AG,33,20,C,C,-,1
TC->TT,0,46,T,A,+,1
TG->AC,35,5,C,G,+,1
GA->GC,42,15,G,T,+,1
CT->CA,21,64,C,C,-,1
AT->GG,70,20,C,C,-,1
GG->AG,15,31,T,A,-,1
CG->AC,34,2,C,T,-,1
TG->TT,9,31,A,G,+,1
AA->CG,17,5,G,G,+,1
TC->AT,18,4,A,T,-,1
TT->CT,75,1,G,G,+,1
AC->TG,6,36,G,T,-,1
CG->TT,55,2,C,G,+,1
TG->AT,47,40,C,G,-,1
CG->AT,38,0,T,T,-,1
GA->GT,12,31,C,A,-,1
AT->CG,37,1,T,C,+,1
TC->TT,0,41,T,C,-,1
GC->TA,0,57,G,G,+,1
GG->AG,21,32,C,C,-,1
CG->AC,35,48,C,G,+,1
AC->TA,0,40,A,G,-,2
GC->TA,16,22,C,T,+,1
TG->AA,50,0,C,A,-,1
CG->AA,45,2,A,C,+,1
CC->TC,0,38,C,T,+,1
AG->AG,73,0,T,G,-,1
AG->AA,58,0,C,A,+,1
GA->TC,39,35,C,T,-,1
AC->TG,7,51,G,G,+,1
TG->AA,41,19,T,C,+,1
GA->GC,48,7,A,T,-,1
CA->GA,52,19,A,C,-,1
TT->CA,15,43,C,T,-,1
CG->AG,64,0,G,G,-,1
CG->AG,8,25,C,T,+,1
TG->AC,21,13,C,G,-,1
GA->GA,35,14,G,A,-,1
CC->TA,0,83,C,G,+,1
CG->AC,40,1,A,A,-,1
CT->CG,20,37,C,C,-,1
CA->CA,39,9,C,G,+,1
CG->AA,42,0,A,A,-,1
GG->TC,50,5,C,T,+,1
TC->TT,0,42,T,C,-,1
TC->AG,4,39,G,G,+,1
CC->TC,0,51,C,C,+,1
TG->AA,13,58,G,C,-,1
AC->TC,0,39,A,C,+,1
CC->TT,26,25,C,C,-,1
CT->AG,4,36,A,G,-,1
CG->AC,25,19,A,C,-,1
GC->TG,14,25,A,G,-,1
GT->CC,38,53,C,G,-,1
CA->GC,34,36,C,G,+,1
CA->GG,60,15,C,A,+,1
GA->GT,36,2,G,A,-,1
TC->TT,0,49,T,G,+,1
GG->TG,45,5,A,T,-,1
AC->TG,1,65,C,G,-,1
TG->AG,30,0,C,G,-,1
TG->AC,14,54,C,G,+,1
TA->TT,5,35,A,G,-,1
GA->TG,59,0,G,G,+,1
GT->CG,12,33,G,A,-,1
CG->AT,22,16,A,A,-,1
CG->AT,72,1,G,G,-,1
GC->TC,65,5,G,C,+,1
GG->AC,16,16,C,T,-,1
TC->GC,27,22,C,G,-,1
AT->CG,29,8,T,C,+,1
CC->TG,30,20,A,G,-,1
AA->CC,14,42,C,C,+,1
AG->AT,36,0,A,T,-,1
TG->AC,11,27,C,G,-,1
GT->GA,30,25,G,A,-,1
GT->CG,27,4,C,C,+,1
TC->AC,6,49,C,G,-,1
AC->TA,23,61,C,T,-,1
GG->AA,48,46,G,G,+,1
AA->GC,15,31,C,T,-,1
GG->AT,47,46,G,G,-,1
CC->TG,0,30,C,A,+,1
GA->GA,17,59,T,C,+,1
CG->AT,42,2,A,G,-,1
TT->AG,28,12,C,G,+,1
CC->TT,0,64,C,G,-,1
CG->AA,13,47,A,G,+,1
TG->AC,21,10,G,A,-,1
GC->TT,11,29,C,G,+,1
CG->AC,41,5,C,G,+,1
AA->GA,0,37,A,G,-,1
GG->TG,48,28,C,G,+,1
TA->CA,20,17,A,T,+,1
GA->GG,49,1,C,A,+,1
CG->AA,32,0,C,A,+,1
GC->TC,70,23,C,T,-,1
CA->GA,17,39,C,G,+,1
GG->AT,7,62,G,G,+,1
TT->CG,61,32,C,G,+,1
TG->AC,39,18,T,G,+,1
TG->AT,41,0,T,T,-,1
GC->TC,0,43,G,G,+,1
TC->TG,2,50,C,A,-,1
AG->AT,10,42,A,G,+,1
GT->CT,37,34,T,A,+,1
AG->AG,21,24,C,G,-,1
CA->GG,24,26,G,A,-,1
AT->CG,74,0,C,G,-,1
GT->CC,13,53,C,C,+,1
GC->TG,3,34,C,C,-,1
AG->AC,33,0,C,C,+,1
GT->CC,26,25,C,T,+,1
GG->TC,37,34,T,T,-,1
AG->AC,45,0,A,C,-,1
GT->GT,22,18,A,G,+,1
AG->AA,37,0,T,A,-,1
AG->AA,7,28,C,G,-,1
TC->TA,35,17,C,G,-,1
CC->TT,13,43,C,T,+,1
CA->GT,42,14,C,G,+,1
TC->AT,24,16,C,T,-,1
CG->AA,48,1,C,G,+,1
CG->AT,20,19,T,G,+,1
CA->TA,41,26,T,C,-,1
GT->CA,14,58,C,G,-,1
AC->AA,55,45,A,G,+,1
CG->AG,29,31,C,G,+,1
TC->TG,2,48,C,C,+,1
GC->TC,0,65,G,G,+,1
AT->CG,10,36,C,A,-,1
TG->TT,19,26,C,G,-,1
AG->AC,44,0,G,C,-,1
GT->CG,38,9,C,C,-,1
CG->AT,43,8,C,G,+,1
TC->TT,0,59,T,C,+,1
GC->TC,0,51,G,G,+,1
TG->TC,14,41,G,A,-,1
GG->AC,31,16,T,T,-,1
TC->TG,19,41,A,G,-,1
AT->CA,43,1,C,G,-,1
AC->AC,0,36,A,T,+,1
CA->CC,31,32,C,G,+,1
AC->AA,0,66,A,G,-,1
GA->GA,27,5,C,G,-,1
AG->AC,37,2,T,C,-,1
GC->TC,0,39,G,C,+,1
CA->GG,4,51,C,G,+,1
CG->AA,16,18,C,G,-,1
AC->TC,31,18,C,C,+,1
AG->TG,9,38,C,G,-,1
AG->AA,83,0,G,A,+,1
CT->AC,29,14,C,C,+,1
TG->AC,13,32,T,T,+,1
TA->GG,12,32,A,G,-,1
TC->GG,6,80,C,G,-,1
CG->AC,67,47,C,A,+,1
CT->CC,9,43,G,A,-,1
TG->AC,60,0,C,C,-,1
GT->CG,9,41,C,C,-,1
TT->AG,14,52,C,C,+,1
CT->CC,32,14,C,G,-,1
CC->TG,0,34,C,G,+,1
CG->CC,44,7,C,G,-,1
GC->TG,0,58,G,G,+,1
AC->AC,65,1,A,T,-,1
TG->AC,46,0,A,C,+,1
TA->TC,33,3,G,G,-,1
AC->TT,25,20,T,A,-,1
GC->TC,5,37,C,A,+,1
CG->AG,56,0,C,G,-,1
GT->CG,29,39,A,C,+,1
TG->TG,35,6,C,T,+,1
TT->CG,21,14,T,A,-,1
GG->AG,78,16,G,G,-,1
GT->CG,5,34,G,T,+,1
GG->TT,22,30,T,G,-,1
AC->GC,54,32,C,G,-,1
GC->TC,31,15,A,A,-,1
CA->GA,35,5,G,G,+,1
CG->AT,38,1,C,C,+,1
CA->GA,2,39,C,C,-,1
TG->AT,31,42,A,G,-,1
CT->CT,29,7,A,T,+,1
TC->AC,46,13,T,G,-,1
GC->TC,0,63,G,T,+,1
CC->TG,0,63,C,G,+,1
GA->CA,55,6,T,T,-,1
AC->TG,32,35,G,A,+,1
TT->GT,46,73,C,T,-,1
CC->TT,0,62,C,C,+,1
CG->AC,32,0,C,C,+,1
GT->CA,7,31,A,T,-,1
CA->CC,27,12,A,G,+,1
GC->TG,3,37,C,G,-,1
GC->TG,16,24,C,C,-,1
GC->TA,79,12,G,A,-,1
GG->AT,26,16,G,G,-,1
GC->AC,37,1,C,A,-,1
AA->GC,27,64,C,G,-,1
TC->TG,21,32,C,A,-,1
GC->TG,12,43,C,G,-,1
AT->CA,24,20,A,C,-,1
AA->TT,18,31,A,T,+,1
GG->TT,77,14,A,G,-,1
TC->TC,13,36,C,A,+,1
CG->AT,34,62,C,G,-,1
CG->AC,33,0,G,C,-,1
CA->TC,86,10,G,G,-,1
CA->GG,34,50,A,G,-,1
TG->AC,19,20,T,G,+,1
CG->AT,36,2,A,G,-,1
CT->GA,7,37,C,G,+,1
GC->TG,0,59,G,G,-,1
AG->AC,97,0,C,C,+,1
AA->TC,46,37,A,G,+,1
CG->AT,66,8,A,C,+,1
AG->TC,83,3,C,C,+,1
TT->CG,20,30,G,G,-,1
TA->GT,17,17,G,G,+,1
CG->AA,57,0,C,A,-,1
AG->AC,26,21,C,G,-,1
AC->TA,58,13,A,T,+,1
TC->TG,6,104,G,G,-,1
CG->AC,60,0,G,C,-,1
CG->AA,40,11,T,T,-,1
CC->TG,14,39,A,T,-,1
GA->GT,26,73,A,T,-,1
CG->AC,40,2,A,T,-,1
AC->TG,28,92,G,C,+,1
TC->TT,0,31,T,T,-,1
GG->AC,22,20,A,G,-,1
AG->CT,13,46,C,G,-,1
TT->GG,4,45,C,T,-,1
GC->TA,0,43,G,A,-,1
GT->CG,38,14,G,G,-,1
TG->CG,20,3,A,G,+,1
TG->TC,16,20,C,A,+,1
GA->GA,31,26,C,C,-,1
GT->GA,9,96,C,T,+,1
GT->CT,20,26,A,A,-,1
CC->AT,7,39,T,G,-,1
AG->AG,22,14,G,T,-,1
CG->AG,62,3,C,T,-,1
GC->TG,3,59,C,A,-,1
AG->AA,35,9,C,T,+,1
CC->GA,5,15,A,A,-,1
CA->GG,0,55,C,G,+,1
TC->TA,0,50,T,C,+,1
TG->TG,0,49,T,G,-,1
CG->AA,47,2,C,C,+,1
TG->AG,82,0,C,G,+,1
CC->TG,0,51,C,T,-,1
CA->GC,30,32,C,G,-,1
AT->CC,5,29,A,A,-,1
AT->CT,60,21,G,G,+,1
CC->TT,0,36,C,C,-,1
AA->GT,22,21,C,G,+,1
TC->TA,0,20,T,G,+,1
AT->CT,27,29,C,A,+,1
CA->GT,0,66,C,G,-,1
GG->TA,22,40,C,T,-,1
TG->AG,78,0,A,G,+,1
TT->CA,27,11,T,A,-,1
CA->GA,18,31,C,G,-,1
AG->AG,5,34,A,T,+,1
CG->AA,39,1,T,T,-,1
TG->AT,40,0,G,T,-,1
CG->AG,77,0,C,G,+,2
AT->CG,53,3,T,T,+,1
TG->AT,42,0,G,T,-,3
TG->AA,22,32,G,A,+,1
GG->AA,2,45,C,T,+,1
TA->GC,37,15,A,T,+,1
TC->TG,19,37,C,G,-,1
CA->GA,35,35,C,T,+,1
GT->GT,2,41,T,A,+,1
CA->GT,14,42,A,A,-,1
CC->TG,10,38,G,T,+,1
CG->AC,5,64,C,G,+,1
AG->AC,12,32,C,G,+,1
CG->CC,29,21,T,G,-,1
AG->AG,71,0,T,G,+,1
AC->TG,37,1,C,T,+,1
GT->CA,21,19,T,A,+,1
GG->AA,26,16,A,T,-,1
AT->CC,37,16,A,A,-,1
TA->GC,1,48,A,T,+,1
AG->AA,50,2,A,A,+,1
CC->AC,50,4,C,G,-,1
GC->TT,0,39,G,C,+,1
AA->GC,9,53,G,G,+,1
TG->AA,32,17,C,T,-,1
CC->TT,0,54,C,T,-,1
GC->TC,44,2,C,T,-,1
CG->AT,67,1,G,G,-,1
CG->AA,32,5,A,G,-,1
CG->AT,67,20,A,G,-,1
AC->TT,0,46,A,G,-,1
CG->AA,106,15,G,A,+,1
CC->AA,93,7,C,A,-,1
CT->CG,23,21,A,T,-,1
GT->CG,18,37,C,G,-,1
TC->TA,0,40,T,G,-,1
GT->CC,35,43,C,C,-,1
AC->TA,7,48,A,G,+,1
CA->GC,34,67,C,T,+,1
CG->AT,32,5,C,G,+,1
TG->AG,15,34,A,C,-,1
CG->AT,47,2,C,T,+,1
AT->CT,8,37,G,A,+,1
AG->AT,1,49,C,T,-,1
CC->TG,3,65,A,G,+,1
CA->GT,60,4,A,G,-,1
GC->TG,6,45,G,G,+,1
CT->CA,6,89,C,T,+,1
AC->AA,51,13,G,T,+,1
TG->TG,0,44,T,G,+,1
AT->CA,46,31,C,G,+,1
AC->TG,0,41,A,C,+,1
GT->CC,19,25,C,G,+,1
GG->CC,14,6,G,G,-,1
TG->AC,55,0,G,C,-,1
AC->TC,21,8,C,G,-,1
GA->GA,51,31,C,A,-,1
TC->TT,34,9,C,G,+,1
GC->TG,0,39,G,T,+,1
GC->TG,0,46,G,T,-,1
CT->CT,2,45,C,G,+,1
AA->GT,24,26,A,C,+,1
AC->TG,41,45,C,T,+,1
TT->CA,29,24,C,A,-,1
AA->GT,18,28,C,G,+,1
CG->AT,28,0,A,T,-,1
GT->GT,19,36,C,C,-,1
CG->AC,14,44,G,A,+,1
GA->GA,4,38,C,C,+,1
CT->GC,9,70,C,C,-,1
TC->TG,0,45,T,T,-,1
CC->TT,10,29,A,C,-,1
AC->TG,3,44,C,A,-,1
AT->CG,17,20,C,C,+,1
AA->GA,9,34,C,G,+,1
TT->CC,5,46,A,G,+,1
CC->TG,22,29,G,G,-,1
AT->CA,25,7,C,T,-,1
GT->CC,45,26,G,C,-,1
GG->TT,0,34,G,T,-,1
CG->AA,51,19,C,T,+,1
CC->TG,0,58,C,C,+,2
CA->GG,0,58,C,C,-,1
AG->AG,46,0,A,G,-,1
TG->AG,29,0,C,G,-,1
TC->GC,7,44,C,G,+,1
AG->AG,95,0,C,G,-,1
CC->TA,45,29,C,G,-,1
GT->CT,22,21,T,G,+,1
CC->TT,0,43,C,G,-,1
GC->TT,2,46,C,C,-,1
CC->TC,0,48,C,G,+,1
AG->AA,20,43,C,C,+,1
GC->TG,5,31,C,C,+,1
GG->AG,52,39,A,G,+,1
TC->TT,29,12,T,C,+,1
CC->TG,13,63,A,G,+,1
CC->TA,0,42,C,A,+,1
GA->GC,2,52,A,G,+,1
AG->AC,47,0,C,C,-,1
AG->AG,61,2,G,G,-,1
AG->AT,82,4,C,G,-,1
CG->AT,30,0,C,T,+,1
CC->TG,1,39,T,G,+,1
CC->TC,12,28,A,G,+,1
AC->TG,2,42,A,T,-,1
TT->CA,21,19,C,C,+,1
AG->AG,51,0,C,G,+,1
AT->CG,18,35,G,G,-,1
AC->TT,0,68,A,T,+,1
AC->GA,30,14,G,T,+,1
GC->AC,32,24,C,G,-,1
AG->AG,105,0,T,G,-,1
GC->TT,1,51,C,G,-,1
TT->CA,82,27,C,T,-,1
TC->AT,33,25,G,A,-,1
AC->TA,14,35,A,A,+,1
AA->GG,9,30,C,G,+,1
AG->AA,46,0,C,A,+,1
CC->TG,15,32,C,C,-,1
AA->GT,18,46,C,T,-,1
GA->GG,65,23,C,T,+,1
TC->TG,1,46,C,G,-,1
AG->AG,67,0,A,G,+,1
CG->AC,37,2,G,G,+,1
AC->TG,0,62,A,G,+,1
AT->GA,13,29,C,A,-,1
GC->TC,10,95,T,G,-,1
CC->TG,39,18,G,G,+,1
AT->GG,0,49,A,G,-,1
AC->TG,39,11,C,G,-,1
AA->GT,30,29,C,G,+,1
AC->TG,5,87,C,G,+,1
GC->AC,39,16,A,G,-,1
TT->AT,34,11,G,G,+,1
CG->AG,82,0,T,G,-,1
CG->AA,71,1,T,T,-,1
TC->TG,1,40,C,G,-,1
AT->CG,11,53,A,G,-,1
CT->CA,6,42,C,T,+,1
TC->TG,29,40,C,G,+,1
CG->AC,41,13,G,C,+,1
TC->TT,0,41,T,C,+,1
AC->TG,0,42,A,T,-,1
CT->CC,36,5,T,T,+,1
TC->AT,33,17,T,G,-,1
AA->TT,30,9,G,C,+,1
GA->GC,34,9,G,G,-,1
CG->AA,89,0,C,A,-,1
CG->AT,7,44,A,A,-,1
AC->TG,0,48,A,G,-,1
CG->AC,52,3,G,G,-,1
AC->AA,30,26,C,G,+,1
CG->AG,61,26,G,G,-,1
TA->GG,6,43,C,C,-,1
AT->CG,24,41,C,A,+,1
TG->AA,35,0,G,A,-,1
CC->AA,21,63,C,G,-,1
AA->GT,31,37,A,T,+,1
AG->TT,11,18,G,G,-,1
GC->TC,0,66,G,G,+,1
GC->TA,29,31,C,A,+,1
CG->AT,96,1,C,G,-,1
TC->TC,0,44,T,T,+,1
TG->AA,37,0,A,A,-,1
GC->TG,0,45,G,T,-,2
TT->CT,44,1,C,G,+,1
GA->CG,39,12,C,G,+,1
GC->TA,0,66,G,G,+,1
TT->CA,27,16,C,G,+,1
AG->AC,46,0,A,C,+,1
CT->CC,54,4,T,C,-,1
TG->AA,50,0,T,A,-,1
AC->TG,3,47,C,T,-,1
CT->GA,45,1,G,G,-,1
CT->CT,48,13,C,C,-,1
AC->TG,11,22,C,C,+,1
TG->AG,46,0,A,G,-,1
GC->AA,5,29,C,C,-,1
GC->TA,55,0,A,A,+,1
CC->TG,0,66,C,T,+,1
TC->TT,44,19,T,G,+,1
GC->AG,21,42,G,G,-,1
TG->AT,10,48,C,C,+,1
TC->TG,0,43,T,G,+,1
AG->AA,36,23,C,G,+,1
TG->AT,35,0,G,T,-,1
TG->TA,31,11,T,G,-,1
AA->GC,45,26,C,T,+,1
TT->GA,14,31,T,G,-,1
CG->AC,37,1,C,A,-,1
AC->TG,12,24,C,A,+,1
CC->AG,13,28,C,G,-,1
TG->TT,26,17,C,G,+,1
GG->AT,59,10,C,G,+,1
GC->GA,8,45,G,G,-,1
CC->TG,21,30,T,G,+,1
AC->TG,22,24,G,T,-,1
TT->GT,26,46,G,G,+,1
CA->GA,76,5,A,C,-,1
CC->TG,16,41,G,G,-,1
CG->AA,24,0,C,A,+,1
AC->TC,47,15,C,C,+,1
CG->AA,33,25,C,G,+,1
GC->AA,9,28,C,C,+,1
TC->TG,20,33,T,G,+,1
GA->CA,36,9,C,T,-,1
AA->CG,26,16,C,G,-,1
GA->CC,19,45,G,G,+,1
TA->GG,10,42,A,G,+,1
GA->GC,10,19,C,T,+,1
AC->GA,67,25,A,C,-,1
AC->TA,0,48,A,C,-,1
TC->TG,2,54,T,G,+,1
TG->CT,1,42,C,G,-,1
AG->AG,20,43,G,C,-,1
CC->AC,31,12,C,C,+,1
TT->CG,16,58,T,T,-,1
TA->CG,19,25,C,G,+,1
AT->CG,11,58,G,G,-,1
GG->TG,0,37,G,C,-,1
AT->CC,37,20,C,G,+,1
GC->TT,66,21,A,G,-,1
TG->AC,57,0,C,C,+,1
GA->TT,9,55,C,C,-,1
CG->AT,0,30,C,C,+,1
CC->TG,17,26,G,G,-,1
AC->TT,15,30,C,A,-,1
GC->TG,10,68,A,G,+,1
TG->AT,33,0,C,T,+,1
CC->TG,0,40,C,T,+,1
CA->GG,2,33,C,G,+,1
CT->GG,15,4,C,G,+,1
CC->TA,31,9,G,G,+,1
TC->TG,21,43,G,C,+,1
TT->AG,26,8,C,G,+,1
GT->GT,8,30,T,T,+,1
TA->GT,1,71,A,A,+,1
GT->CA,37,3,C,G,+,1
AT->CA,27,20,A,G,+,1
GG->AA,51,0,A,A,-,1
CG->AC,47,0,G,C,-,1
GT->AA,8,34,C,G,-,1
TT->CA,11,42,C,C,+,1
TG->AT,8,44,G,T,+,1
CT->AG,2,37,C,T,+,1
CC->TG,1,44,C,G,+,1
TG->AT,52,0,C,T,+,2
TC->TG,1,52,C,T,-,1
GT->GT,14,28,T,G,-,1
AT->CG,6,36,A,G,+,1
GC->TG,10,32,A,G,+,1
CC->TT,0,44,C,G,+,1
TG->TA,57,46,C,G,-,1
TC->TT,0,39,T,T,-,1
TT->GC,9,33,C,G,-,1
GA->GT,29,18,A,C,+,1
CG->AG,49,0,A,G,+,1
GA->TA,25,27,G,C,+,1
CA->CA,28,47,C,G,-,1
TT->CC,54,32,C,C,+,1
AC->TA,0,42,A,T,-,1
AT->CG,24,39,C,T,+,1
AC->TG,57,38,C,G,-,1
CG->AT,40,12,A,G,+,1
CC->TA,0,25,C,G,+,1
TA->GC,65,5,C,A,-,1
CA->GA,53,38,C,A,+,1
TG->AC,21,19,G,C,-,1
AT->CT,23,28,A,G,+,1
CC->AA,12,23,G,G,-,1
CC->TG,7,58,C,C,+,1
CG->AC,24,14,A,C,-,1
GC->TA,13,43,G,T,-,1
CC->TG,1,102,C,T,-,1
CC->TG,13,53,T,G,-,1
GG->AC,17,16,C,G,+,1
GG->AT,22,68,T,G,-,1
AG->AT,61,0,T,T,-,1
GC->TG,29,42,C,C,+,1
TC->TG,2,40,C,G,-,1
AG->AG,41,23,C,G,-,1
AG->AG,54,7,A,G,+,1
AC->AA,15,51,C,C,-,1
AT->CT,44,19,C,C,+,1
GG->AG,68,24,T,G,+,1
CT->CA,61,2,C,T,-,1
CG->AT,53,2,G,G,-,1
AC->TT,0,42,A,G,-,1
GC->TA,0,47,G,T,+,1
AC->GC,28,38,G,G,-,1
CG->AA,54,0,C,A,-,1
TG->TT,52,26,C,G,+,1
CA->CA,8,80,C,T,-,1
GT->GC,19,32,G,C,+,1
CT->CG,49,1,A,G,-,1
AC->TT,26,25,C,A,+,1
CA->GG,19,23,C,A,+,1
TT->GG,3,37,T,G,+,1
CA->GG,18,8,C,G,-,1
CA->GA,16,22,A,T,+,1
AT->CC,29,20,G,C,+,1
CG->AT,19,19,A,G,+,1
CG->AT,46,3,C,G,-,1
AC->GA,25,61,A,C,-,1
AC->TA,32,20,A,A,-,1
CG->AC,42,3,T,G,+,1
GG->AC,12,33,C,G,+,1
CT->CC,34,0,C,C,-,1
GC->TA,0,56,G,G,-,1
TC->TC,0,34,T,G,+,1
GC->TA,0,57,G,C,-,1
TC->TT,0,39,T,A,+,1
CG->AT,92,5,C,G,-,1
AT->CA,38,5,T,T,-,1
CG->AT,43,7,G,G,+,1
GC->TG,21,33,T,T,-,1
CG->AA,29,4,G,A,-,1
AC->TT,59,44,C,T,-,1
GC->TG,0,57,G,T,-,1
CG->AC,21,30,G,A,+,1
GC->TC,10,47,C,T,+,1
TC->TA,0,37,T,A,+,1
TG->AA,10,47,C,G,+,1
GG->AA,99,0,C,A,-,1
GC->TT,0,33,G,T,-,1
CT->CC,16,24,C,G,-,1
AC->TT,0,30,A,G,-,1
TC->AC,33,60,T,G,-,1
CT->CT,35,40,A,T,+,1
TC->TG,24,28,G,G,+,1
CC->TG,0,42,C,T,+,1
TA->GT,34,24,G,T,-,1
CC->TC,0,30,C,G,+,1
AG->AA,38,0,C,A,+,1
GG->CG,30,23,C,A,+,1
AG->AT,46,0,A,T,-,2
TG->AA,40,0,A,A,+,1
TA->CT,15,34,G,C,+,1
TC->TG,16,29,A,C,+,1
AC->TG,1,46,C,A,+,1
GC->TT,0,57,G,T,+,1
TC->TT,1,38,C,T,-,1
GA->TG,34,11,A,G,+,1
CG->AT,57,0,G,T,+,1
CG->AT,36,1,A,G,-,1
TT->CG,4,39,T,C,+,1
TC->AA,59,0,G,A,-,1
CG->AC,26,11,C,T,-,1
TT->AT,7,14,A,A,+,1
AC->TT,0,47,A,C,+,2
CG->AA,28,22,C,G,-,1
TC->TA,0,41,T,C,+,1
TA->GA,23,8,A,G,-,1
AC->TG,23,6,C,T,+,1
AC->TT,0,32,A,C,+,1
GT->GG,3,53,C,G,+,1
AT->CC,19,26,G,A,+,1
AG->AG,21,11,C,G,+,1
CC->TA,0,77,C,C,-,1
GT->CA,23,25,A,C,+,1
TT->CG,44,7,T,C,-,1
AC->TA,0,39,A,T,-,1
AG->TC,20,26,C,A,+,1
AA->GA,1,40,T,C,-,1
CG->AT,43,1,C,G,+,1
CA->GT,29,46,A,G,+,1
CT->AG,35,5,T,C,-,1
GC->TG,4,57,C,G,+,1
GG->AG,24,14,G,G,-,1
GC->TG,3,35,A,G,+,1
CC->TG,13,27,T,C,+,1
AC->TG,31,17,G,G,-,1
CC->TG,0,34,C,T,+,1
TA->GA,2,50,C,T,-,1
AC->TC,0,91,A,G,+,1
GC->AA,31,32,G,A,-,1
TC->TG,8,38,C,G,+,1
CC->TT,63,38,C,G,-,1
CG->AT,39,0,C,T,+,1
CG->AG,14,20,C,G,-,1
AT->CG,98,11,A,G,+,1
CG->AA,1,36,C,T,-,1
CG->AA,37,5,A,C,-,1
CT->CA,10,29,C,G,-,1
TG->AA,33,0,T,A,+,1
AG->AT,49,0,A,T,-,1
AC->TC,89,13,A,A,+,1
TC->TC,0,56,T,T,+,1
CC->TT,0,40,C,T,-,1
CA->TG,44,0,C,G,-,1
CC->AC,49,3,A,A,-,1
CA->GC,53,24,A,A,+,1
GC->TG,0,44,G,C,-,1
GT->AG,31,18,C,G,+,1
CG->AA,49,2,C,G,+,1
CG->AC,19,24,A,G,+,1
TA->GT,55,16,C,G,+,1
GG->AG,48,0,C,G,-,1
GC->TG,0,39,G,G,+,1
TA->GT,32,20,A,A,-,1
CG->AT,68,1,A,C,-,1
CA->GT,50,1,A,C,+,1
CC->TT,48,12,C,G,-,1
TA->GC,18,17,C,G,-,1
GG->AC,42,0,G,C,-,1
TG->AC,46,0,C,C,+,2
CT->AG,9,26,C,C,-,1
AA->GC,58,7,T,G,+,1
TT->CG,3,50,C,G,-,1
AC->TT,4,51,T,G,-,2
TG->TT,1,63,C,G,-,1
AA->CG,9,28,T,G,-,1
CC->TA,0,44,C,C,+,1
GT->CG,15,26,G,G,+,1
AG->AT,40,0,G,T,-,2
TC->TG,6,31,C,A,-,1
CG->AG,62,47,C,G,-,1
CT->AT,51,5,A,G,-,1
GT->GA,26,5,C,A,-,1
TC->AT,26,24,T,G,+,1
AT->CG,38,20,C,G,-,1
AG->TT,25,38,G,G,+,1
TT->GG,69,0,C,G,-,1
TC->TT,6,30,A,G,+,1
TG->AG,25,17,G,G,-,1
TT->CC,2,28,T,T,+,1
GC->TA,0,46,G,G,-,1
CA->GG,47,12,C,G,+,1
CG->AT,22,83,T,G,-,1
GC->TT,39,12,T,C,-,1
CC->AA,13,40,A,T,-,1
GC->TA,0,41,G,A,-,1
CG->AT,39,2,C,C,+,1
CC->TG,0,46,C,A,+,1
CG->AG,41,0,T,G,+,1
TC->TG,4,76,C,G,+,1
TT->CT,47,57,C,G,+,1
CA->GG,8,26,C,T,-,1
CG->AA,39,0,A,A,+,1
CC->TC,57,12,C,G,-,1
TC->AA,23,23,G,C,+,1
GC->TG,20,22,A,G,+,1
AT->CC,9,33,C,A,+,1
AC->TG,12,72,G,T,-,1
CG->AC,42,25,C,G,+,1
CG->AT,45,6,A,G,-,1
AC->TC,0,43,A,T,+,1
AA->GA,15,37,G,A,-,1
CG->AG,43,0,T,G,+,1
TC->TG,20,46,G,C,-,1
TG->AG,21,20,C,G,+,1
GT->CC,33,32,C,G,-,1
CC->TC,0,61,C,C,+,1
GG->AG,43,0,C,G,-,1
TC->TA,0,38,T,A,+,1
CC->TC,27,17,T,T,+,1
TC->TA,0,47,T,T,+,1
TT->AA,0,37,T,G,-,1
CC->AT,7,38,C,G,-,1
CT->AT,37,7,A,T,+,1
TG->CA,2,22,A,G,-,1
AG->AC,50,0,G,C,-,1
GG->AT,33,29,T,G,+,1
AA->CT,22,23,T,G,+,1
AT->CC,11,30,C,G,+,1
AG->TC,8,29,T,G,+,1
CG->AC,54,3,A,G,-,1
CG->AC,30,24,C,C,+,1
AC->TG,0,54,A,A,+,1
CC->TG,0,49,C,G,-,1
CC->TG,16,46,C,C,+,1
GG->AT,40,0,G,T,-,1
CG->AT,52,6,A,T,+,1
GA->CA,7,35,A,G,+,1
CC->TG,0,36,C,T,-,1
AG->AA,37,0,T,A,+,1
AA->GC,6,70,A,C,-,1
TG->AG,66,0,C,G,-,1
GT->AG,15,31,C,G,-,1
CA->GA,44,1,G,C,+,1
TG->AT,3,40,T,G,-,1
CA->CG,31,36,G,T,-,1
AC->TG,0,93,A,G,-,1
CT->AT,21,56,C,A,-,1
GC->AT,29,13,C,G,-,1
AC->TG,1,48,C,G,-,1
CC->TT,31,32,C,G,+,1
AG->TC,13,13,A,A,+,1
GG->AA,41,29,C,G,+,1
GC->TG,7,28,G,G,-,1
CA->GG,62,5,C,T,+,1
AC->TA,10,22,C,T,-,1
AT->CG,10,30,C,C,-,1
TG->AG,53,15,A,G,-,1
TC->GC,70,0,T,C,-,1
GC->AT,34,35,G,G,-,1
CC->TG,26,25,A,G,+,1
TC->TG,0,62,T,T,-,1
CT->CT,62,7,A,C,-,1
TC->TC,35,8,G,G,-,1
AA->GA,58,15,C,G,-,1
AG->AA,8,56,A,G,-,1
AG->TC,3,44,C,C,+,1
AC->TG,22,63,G,A,+,1
GC->AG,11,27,G,G,+,1
TA->GT,17,32,C,G,+,1
AC->TG,15,25,C,T,-,1
GA->TC,10,10,C,G,-,1
AC->TT,0,57,A,A,-,1
CG->AG,29,11,C,G,-,1
GT->GG,76,31,C,C,-,1
CC->AA,6,21,T,A,-,1
AC->TC,16,27,C,C,-,1
AT->CG,24,26,C,G,+,1
CT->CG,33,15,C,G,+,1
CC->AA,5,51,T,A,-,1
AG->AG,24,54,G,G,-,1
AC->AC,14,24,C,G,-,1
TG->AG,38,0,A,G,+,1
GA->GT,2,39,G,A,-,1
CC->AG,4,27,C,C,+,1
AG->AA,18,33,C,G,+,1
GA->GA,23,39,C,A,+,1
CG->AT,31,15,C,G,+,1
TA->GG,22,2,T,G,-,1
TG->TT,39,11,C,G,+,1
CC->TG,24,11,G,G,+,1
CG->AG,50,0,G,G,+,2
CA->TC,25,14,C,T,+,1
CG->AC,27,16,C,T,-,1
CG->AC,43,27,T,C,-,1
TC->TA,0,55,T,G,+,1
AG->AT,52,0,C,T,-,1
TA->GA,48,11,C,G,+,1
TC->TA,2,51,A,C,-,1
CC->TG,19,8,G,T,-,1
CA->GT,44,34,A,G,+,1
TC->TA,3,37,C,T,-,1
CC->TG,32,16,C,G,+,1
CA->GG,7,46,T,A,-,1
AT->CG,21,38,G,A,-,1
AT->CT,6,27,G,G,-,1
GC->TA,0,37,G,G,-,2
CA->CA,11,28,C,C,-,1
AT->CC,38,11,G,G,-,1
AG->AG,39,0,A,G,+,1
CG->AC,29,15,T,G,+,1
AG->TA,0,86,A,G,+,1
CA->TA,12,34,C,T,-,1
TA->GT,6,52,C,G,+,1
TG->AC,42,0,C,C,+,1
AA->GT,30,15,C,G,+,1
GC->TG,8,37,G,C,-,1
CC->AA,36,36,A,G,-,1
CC->TA,55,2,C,G,-,1
GA->CC,8,44,C,C,-,1
GA->GT,39,2,G,G,+,1
AC->TT,0,52,A,G,+,1
CC->TC,0,37,C,G,+,1
CG->AC,38,0,G,C,-,1
AC->AA,46,15,C,G,+,1
GC->TG,4,42,C,C,-,1
TA->GG,19,75,C,C,-,1
CG->AA,35,19,T,A,+,1
TT->AC,25,17,C,G,-,1
AG->AT,63,0,C,T,-,1
AT->GT,7,48,T,G,-,1
GG->TA,5,54,C,C,-,1
CG->AG,38,2,C,G,+,1
AA->CA,17,24,A,C,+,1
AG->AA,36,0,G,A,-,1
CC->TG,0,52,C,G,+,1
AG->AG,42,0,C,G,+,1
CG->AG,56,0,C,G,+,1
GT->CG,62,3,A,T,+,1
AC->AC,33,7,C,C,-,1
AA->TC,30,16,C,T,+,1
AG->TT,2,72,G,A,+,1
CC->TT,0,29,C,T,-,1
CA->GA,4,35,G,T,+,1
GG->TA,2,90,C,A,+,1
AC->TG,1,47,A,G,-,1
CC->TC,0,67,C,G,-,1
TC->TG,9,37,C,G,-,1
TT->CA,4,47,A,T,+,1
CA->GA,73,28,C,G,-,1
AA->GC,38,14,A,G,-,1
TG->AG,40,0,G,G,-,1
AT->CA,30,14,C,G,-,1
GG->CC,44,63,A,T,-,1
AC->TC,25,20,C,T,-,1
CC->AA,19,31,T,T,-,1
GC->TT,0,33,G,G,+,1
TA->GA,0,65,T,G,+,1
TG->AG,47,0,C,G,-,1
AG->TT,42,24,C,T,-,1
GA->GA,40,12,G,A,-,1
GT->CG,37,14,G,C,-,1
TG->TG,21,54,C,A,+,1
CC->TC,0,34,C,G,-,1
CG->AG,31,12,G,G,+,1
AC->AA,6,34,A,C,+,1
CG->AT,14,26,C,C,-,1
CC->AA,32,5,A,G,-,1
CA->GA,8,37,C,C,+,1
GT->CT,73,14,C,C,-,1
AC->TG,1,43,G,G,-,1
CC->TC,15,27,C,C,-,1
AG->AT,57,0,C,T,-,1
CT->CC,36,3,C,G,+,1
AC->TG,8,39,G,G,+,1
TC->TG,40,9,C,G,+,1
GC->TC,0,38,G,T,-,1
TA->GT,3,37,C,G,-,1
GT->GG,28,9,C,T,+,1
CC->TC,21,35,C,G,+,1
TG->AC,35,0,G,C,-,1
GT->CG,38,17,C,G,+,1
CG->AC,50,0,G,C,-,1
TC->GC,30,14,G,G,-,1
GG->AC,24,20,T,G,-,1
TC->TG,2,36,A,C,+,1
AC->TG,9,32,C,G,+,1
GC->TC,15,29,A,G,-,1
CC->TA,30,33,C,G,+,1
TT->CT,5,98,C,G,+,1
AC->TG,2,52,A,G,+,1
CG->AT,45,0,C,T,+,1
CA->GG,25,15,A,G,+,1
CG->AG,52,1,A,G,+,1
CA->GG,10,24,A,G,-,1
CG->AC,26,18,T,T,-,1
GA->GT,29,25,G,G,-,1
AC->TT,0,43,A,T,+,2
CG->AT,44,2,A,T,+,1
CA->GG,16,27,G,T,+,1
TA->GC,26,9,C,G,+,1
TC->TA,8,31,G,G,+,1
TG->AG,40,0,A,G,-,1
TA->GA,14,24,C,C,-,1
TC->TC,0,46,T,T,-,1
AC->TG,0,39,A,A,-,2
GC->TG,1,36,G,G,+,1
TT->AC,19,20,T,T,+,1
CA->GT,17,40,C,G,-,1
GC->TG,20,56,G,G,+,1
CA->GG,8,36,A,A,+,1
CT->AC,42,30,T,A,+,1
GC->TG,22,43,C,G,+,1
GT->AT,20,13,G,A,-,1
GT->GT,33,13,A,G,-,1
CG->AC,35,1,A,C,+,1
GC->TC,37,10,C,A,+,1
CT->CG,2,50,G,G,+,1
AG->CG,36,37,C,T,+,1
GT->CA,42,9,C,G,-,1
CA->GG,5,38,C,C,+,1
TC->AC,57,0,C,C,+,1
TC->TC,0,39,T,T,-,1
CG->AA,40,1,C,G,+,1
AA->CA,10,33,C,G,+,1
AC->TT,0,41,A,T,-,1
CC->GT,5,65,C,C,+,1
TC->AC,11,76,G,G,-,1
TC->AG,32,22,A,T,-,1
GT->AG,7,37,T,C,-,1
CG->AT,21,33,C,G,-,1
GA->GA,2,42,C,C,-,1
CA->GT,24,20,C,C,+,1
GG->AG,10,33,A,T,-,1
TG->AA,1,66,C,G,+,1
CG->AC,70,8,C,G,-,1
CC->TC,11,44,T,T,+,1
GC->TC,0,31,G,C,+,1
TC->TG,29,38,A,C,+,1
CT->GT,10,64,C,T,-,1
GG->AT,39,0,C,T,-,1
TC->TG,1,34,T,G,-,1
CG->AA,36,1,C,G,-,1
AC->TA,37,23,C,A,+,1
CC->TC,35,51,C,A,-,1
GC->TA,0,39,G,T,+,1
GT->AG,34,7,C,C,+,1
GC->TA,11,31,G,G,+,1
GA->GG,45,6,C,T,+,1
GC->TG,10,60,C,G,+,1
GG->AC,57,0,C,C,-,1
GA->GT,28,23,A,A,+,1
GG->CG,12,7,C,C,-,1
AA->GA,12,58,G,T,+,1
CG->AC,27,2,G,G,+,1
CT->CT,46,9,C,C,+,1
AT->CA,54,24,A,T,-,1
AG->AG,34,0,A,G,-,1
CG->AG,62,13,A,T,+,1
CG->AT,52,3,A,T,+,1
CG->TC,27,19,G,G,-,1
CA->TA,0,50,C,G,+,1
AG->AC,43,0,C,C,-,1
AC->TC,24,32,C,G,+,1
TG->AA,68,0,C,A,-,1
TG->AT,35,15,C,G,+,1
TG->AT,81,0,C,T,-,1
CA->GG,22,20,A,G,+,1
GG->AG,22,9,C,G,+,1
AG->AG,56,0,G,G,+,1
CG->AT,50,0,C,T,+,1
AT->CC,44,1,A,T,+,1
TA->GA,5,37,G,A,-,1
TC->TG,2,47,C,G,-,1
AG->TC,11,24,A,G,+,1
TG->TA,7,35,G,C,+,1
GA->GA,7,29,T,G,+,1
AC->TG,1,74,T,C,+,1
CC->TG,28,5,C,C,+,1
CG->AG,37,4,A,G,-,1
TT->CC,75,14,C,A,+,1
CT->GG,18,3,A,G,+,1
CA->TT,57,0,C,T,-,1
TC->TC,2,45,C,G,-,1
CG->AC,33,3,C,C,-,1
CG->AA,27,16,G,C,+,1
TG->CG,2,20,T,T,-,1
CG->AG,44,0,C,G,+,1
CG->AC,108,2,G,G,-,1
CT->AT,41,39,C,G,-,1
AG->AG,1,33,A,C,+,1
CA->GT,10,22,A,C,+,1
AT->CG,12,37,A,C,-,1
CC->TG,14,32,A,G,+,1
AA->GG,40,51,C,G,+,1
AC->TG,1,52,C,C,-,1
TG->AT,74,0,C,T,-,1
CG->AT,46,0,A,T,+,1
GC->TA,6,36,C,A,+,1
CA->GT,10,34,A,G,-,1
AC->TC,23,93,C,G,+,1
TC->TG,5,26,T,T,-,1
TC->TC,0,51,T,A,-,1
TT->CA,23,43,T,C,-,1
TC->GT,31,3,C,C,+,1
CC->TC,0,42,C,A,+,1
CT->GT,2,75,C,G,+,1
CC->TG,14,89,G,G,+,1
CC->TG,0,27,C,C,+,1
AC->GA,16,18,C,T,-,1
CC->TG,47,1,C,A,-,1
GC->TG,3,38,C,G,+,1
CG->AG,13,42,C,A,+,1
GG->AC,18,11,A,T,+,1
TC->TC,69,37,C,G,-,1
CA->GA,9,36,C,G,+,1
TA->GA,28,14,T,G,+,1
CG->AC,37,0,A,C,-,1
AT->CT,27,31,C,C,+,1
AG->AA,32,13,C,C,+,1
GG->AG,35,0,A,G,-,2
TG->AA,9,33,C,A,-,1
GC->TG,15,41,A,G,-,1
AT->CA,15,41,G,T,+,1
TG->AT,48,0,C,T,+,1
CT->AG,3,37,C,T,+,1
TG->AT,44,0,G,T,-,1
CT->GC,18,35,A,C,-,1
TG->AT,41,45,G,G,-,1
TG->CA,30,10,G,T,-,1
AC->TA,39,75,C,G,+,1
CC->TT,15,7,A,T,-,1
CG->AT,18,48,A,A,+,1
AC->TA,0,89,A,T,+,1
TG->AC,12,31,C,G,-,1
AT->CG,2,32,T,C,+,1
TG->AT,33,33,A,G,-,1
CG->AG,58,0,G,G,-,1
TT->CT,37,24,C,T,-,1
CC->TC,64,9,C,A,+,1
GC->TG,0,62,G,T,+,1
GC->GC,11,43,C,G,+,1
TC->TG,0,35,T,C,+,1
TC->TA,40,1,C,T,-,1
AC->TG,19,39,C,T,-,1
GG->TC,35,13,A,G,-,1
TT->CG,1,37,A,T,-,1
TC->TA,0,53,T,T,+,1
CG->AA,10,28,G,G,-,1
CA->GG,15,42,C,T,+,1
GT->GA,29,16,C,G,-,1
TC->TG,29,21,C,T,-,1
CG->AG,34,33,A,G,-,1
GC->AA,46,3,T,C,-,1
AG->AA,39,0,T,A,-,1
AC->TT,0,33,A,C,+,1
AC->AG,1,45,A,C,-,1
AG->TA,4,87,A,G,+,1
GA->GA,19,18,C,C,-,1
CT->CC,40,0,A,C,-,1
TG->CG,22,26,T,G,+,1
AT->CG,52,31,C,T,-,1
AT->GG,5,29,C,A,+,1
GG->AA,67,4,C,G,-,1
CG->AC,27,20,C,G,-,1
CC->TG,0,25,C,G,-,1
TA->GG,14,29,C,C,+,1
GC->TG,3,47,T,C,+,1
AT->CG,65,32,A,G,+,1
AT->AT,1,42,G,T,-,1
CT->AC,30,11,T,C,+,1
AC->TA,0,55,A,T,+,1
GC->TG,17,26,G,G,+,1
GG->AC,40,0,A,C,+,1
GC->TT,13,59,A,A,+,1
AG->TC,30,13,G,G,+,1
TT->GC,32,2,C,T,+,1
AG->AC,34,0,G,C,-,1
CG->AG,31,20,C,A,-,1
GT->CG,42,37,C,G,-,1
CG->AC,16,55,G,C,-,1
AA->GT,30,18,G,T,-,1
CG->AG,3,50,C,T,+,1
GC->AC,36,32,A,G,-,1
AC->TA,35,1,C,G,+,1
GG->AC,42,0,C,C,-,1
AT->CG,6,31,G,G,-,1
GG->TC,10,39,C,G,-,1
CG->TC,35,19,C,T,-,1
GT->CT,31,7,T,G,-,1
CC->TA,0,39,C,C,+,1
AG->AG,87,0,C,G,+,1
AC->TA,46,5,C,C,+,1
GC->TG,33,11,C,G,+,1
GC->AT,16,22,C,G,-,1
TG->AT,37,28,C,G,-,1
TG->AA,40,0,G,A,+,1
GT->CT,27,17,G,G,+,1
GG->AG,8,13,A,G,-,1
AC->TG,22,17,C,C,-,1
AT->CG,10,34,A,T,+,1
AA->GT,40,11,C,G,+,1
AA->GG,30,12,G,T,-,1
CG->AT,39,1,C,G,-,1
CT->CG,41,10,A,A,+,1
AA->CA,4,36,C,A,+,1
AT->CA,50,1,A,A,+,1
GG->AC,17,35,G,G,+,1
CG->AT,71,13,C,G,-,1
TA->GC,21,12,C,G,+,1
GG->AG,26,4,C,G,+,1
GC->TA,13,56,G,C,+,1
TT->CG,16,33,T,C,+,1
GA->TC,29,16,C,G,-,1
CC->TG,27,18,C,G,-,1
AT->CT,26,31,C,G,-,1
CT->AG,39,71,A,T,+,1
GG->AG,42,0,C,G,-,1
AG->AC,50,0,C,C,+,1
GA->TG,17,56,C,T,-,1
AT->CG,56,13,C,T,+,1
CC->TG,0,32,C,C,+,1
AC->TG,22,54,G,C,-,1
GG->AA,14,31,T,A,-,1
AT->CG,16,7,A,T,-,1
GC->TG,4,33,A,T,+,1
CG->AA,37,12,C,G,-,1
GC->TG,3,34,C,A,-,1
AG->AA,9,37,C,G,+,1
TT->GG,15,36,C,G,+,1
TT->CG,15,29,T,T,-,1
TG->AG,16,23,C,T,+,1
TC->TA,44,9,C,G,-,1
GC->TA,46,24,T,C,-,1
AC->TG,5,38,C,C,-,1
CG->AT,61,0,A,T,-,1
GC->TG,12,48,C,G,+,1
AT->CC,76,4,A,T,-,1
GG->TT,15,64,C,G,+,1
GC->TA,5,42,A,G,+,1
GC->TG,2,42,A,T,+,1
TA->GT,15,33,A,T,+,1
AC->TA,0,45,A,C,+,1
TT->CC,4,59,C,G,+,1
CG->AA,42,16,C,C,+,1
TC->TG,6,30,A,G,+,1
CG->AA,19,18,G,C,-,1
AT->CA,20,26,G,C,-,1
TC->TG,4,45,A,A,+,1
AT->CG,15,23,C,G,-,1
CC->TA,25,25,G,G,+,1
GC->AC,10,50,C,G,-,1
AG->AC,4,56,A,G,-,1
TG->AT,41,8,C,G,-,1
AC->TG,10,29,C,T,-,1
TC->TG,1,45,T,A,-,1
AG->AA,14,26,C,A,-,1
GA->GA,46,18,G,G,-,1
CT->CA,3,38,T,C,-,1
CC->AA,48,27,C,T,+,1
AA->TC,32,6,T,G,+,1
CA->GT,10,22,G,G,-,1
AG->CG,37,35,G,G,-,1
TT->CG,59,15,C,G,+,1
CT->GG,39,1,A,C,-,1
CG->AA,21,35,C,T,-,1
CG->AT,68,0,A,T,-,1
GG->AT,39,0,A,T,-,1
TA->GA,8,29,C,C,-,1
AA->CA,47,33,G,T,-,1
GA->GT,11,28,A,G,+,1
CG->AC,40,3,C,G,+,1
CC->TC,30,14,C,G,+,1
CC->AA,17,29,G,C,+,1
GC->TG,72,18,C,G,+,1
CA->GC,36,10,G,G,-,1
TG->AG,40,0,T,G,+,2
CC->TA,0,36,C,G,-,1
CT->GG,9,31,C,A,-,1
GC->GA,9,32,A,G,-,1
TG->TA,16,25,C,C,-,1
CG->AG,56,0,G,G,-,1
TT->GT,67,4,T,G,+,1
TC->GT,42,4,T,T,+,1
AG->AA,30,1,C,G,-,1
CA->GG,4,31,C,G,-,1
GC->TG,1,48,C,G,+,1
TA->GG,7,55,A,G,+,1
TG->AG,31,11,C,A,-,1
CC->TG,0,57,C,G,+,1
AT->CG,6,41,C,G,+,1
CG->AT,15,27,T,G,-,1
TC->TG,10,33,C,C,-,1
TC->AC,34,2,C,A,-,1
AG->AG,12,63,A,A,+,1
CC->TG,32,35,C,C,+,1
CT->AT,57,1,C,T,+,1
GG->AT,31,33,C,C,-,1
TA->GA,32,18,C,T,-,1
TC->TT,0,60,T,G,-,1
AG->AT,18,27,C,G,-,1
CC->TG,23,11,A,C,-,1
AA->GA,11,29,C,C,+,1
CG->AC,118,3,G,G,-,1
CA->TC,16,15,C,G,-,1
CG->TG,23,14,C,G,+,1
CC->AC,27,26,C,T,+,1
TC->AC,11,33,A,A,+,1
AA->GC,10,22,A,G,+,1
GC->TG,1,63,G,C,-,1
CA->GA,27,21,C,C,+,1
TT->CG,0,44,T,C,-,1
CG->AT,47,1,C,G,+,1
CC->TG,10,47,C,T,+,1
CT->GC,26,13,C,A,+,1
CG->AT,35,35,C,T,-,1
GC->TT,0,56,G,G,+,1
GG->AG,29,10,G,C,+,1
AC->TA,48,1,C,C,+,1
AA->GT,50,2,C,G,+,1
CT->CG,26,28,C,T,+,1
GT->CG,4,62,T,G,-,1
GT->CA,30,14,A,C,-,1
AA->GA,68,5,G,G,-,1
CG->AG,49,3,C,A,-,1
GC->TA,56,13,C,G,+,1
AA->GG,4,40,T,T,+,1
TT->AG,28,45,A,G,+,1
AA->GT,56,7,C,G,+,1
CT->CA,23,16,A,G,-,1
CG->AT,27,12,G,G,-,1
TC->TT,17,17,C,G,-,1
TG->TG,34,36,T,G,-,1
AC->TA,0,49,A,C,-,1
TA->TG,0,61,T,C,+,1
TT->CA,34,3,C,T,+,1
TG->AG,52,0,C,G,+,1
AT->GA,49,12,C,G,-,1
TT->GG,13,17,A,A,+,1
CG->AC,33,8,C,T,-,1
GA->GG,40,21,T,C,-,1
GC->GT,32,6,C,G,+,1
CG->AA,33,12,C,T,-,1
AT->CG,9,54,A,A,-,1
GC->TA,0,48,G,C,-,2
AG->AC,55,0,C,C,-,1
AG->AA,30,13,C,T,+,1
GA->CT,51,5,C,G,-,1
TC->TT,0,47,T,T,-,1
TC->TT,6,43,C,C,+,1
TG->AA,61,0,A,A,+,1
CC->AT,6,40,C,C,+,1
CG->AT,29,27,G,G,-,1
CA->GG,52,8,A,G,+,1
GG->AG,17,46,C,C,+,1
CT->CC,65,1,C,C,+,1
AC->GG,23,22,A,C,+,1
TG->AA,43,41,T,T,+,1
AC->TG,0,56,A,A,+,1
CG->AC,41,5,G,G,-,1
AG->AC,47,0,A,C,+,1
CC->TG,0,39,C,G,+,1
TG->AC,69,0,G,C,-,1
GG->AA,44,68,A,C,-,1
CG->AT,47,0,T,T,-,1
GA->CC,78,13,C,C,-,1
AC->TC,42,8,T,C,+,1
TC->TG,8,34,C,T,-,1
GT->AC,16,20,C,G,+,1
TT->CC,22,61,C,G,-,1
CT->CA,26,6,A,G,-,1
AT->CA,29,7,C,C,-,1
TT->CT,10,30,A,T,-,1
AT->CG,10,35,C,G,-,1
AC->TA,11,49,A,T,-,1
AA->GT,48,20,G,C,+,1
TA->CC,33,29,C,G,-,1
CC->TA,0,76,C,C,+,1
AG->AC,45,0,C,C,+,1
GC->TG,27,14,T,C,-,1
TG->AG,4,31,T,G,-,1
GA->GT,21,17,C,C,-,1
TT->GC,53,21,C,T,-,1
GC->TC,18,31,T,T,+,1
AC->AA,72,13,C,G,+,1
AG->AA,77,0,C,A,+,1
CG->AC,72,14,A,G,+,1
TA->GA,1,48,C,A,+,1
TG->AG,48,0,C,G,-,2
AC->TT,0,40,A,C,+,1
CG->AC,27,17,C,A,-,1
AC->TC,0,52,A,C,+,1
TA->GT,52,9,C,G,+,1
GC->TG,69,27,G,G,+,1
GT->CG,32,2,C,A,-,1
TC->TG,0,39,T,A,+,2
CC->TG,8,30,G,C,+,1
GC->AT,4,27,C,G,+,1
GA->GA,17,30,C,G,-,1
CG->AT,43,3,C,G,-,1
CG->AT,14,40,A,C,-,1
TG->AA,16,37,C,T,+,1
AT->CC,57,11,A,G,-,1
CT->GA,44,49,C,G,-,1
CG->AA,9,40,C,G,+,1
AC->TT,6,42,C,T,+,1
GG->CA,26,25,C,A,-,1
TG->AC,48,0,T,C,+,1
TA->GG,27,13,C,G,-,1
AA->GC,19,41,G,C,+,1
GG->AC,30,15,C,G,+,1
CA->GG,10,44,T,C,-,1
AG->AG,51,0,C,G,-,1
CA->GT,38,5,G,G,+,1
CG->TG,3,23,C,A,-,1
CG->AT,52,3,A,G,-,1
AC->TT,0,41,A,C,+,1
TC->TG,0,45,T,G,+,1
CG->AT,37,1,T,G,-,1
CC->TT,32,12,G,G,+,1
CT->CC,68,34,A,A,+,1
TG->TC,32,60,C,A,+,1
GC->TA,0,32,G,G,-,1
AG->AT,54,0,C,T,+,1
AG->TG,2,38,G,G,-,1
CC->TT,24,28,C,C,+,1
TT->CT,12,32,G,T,+,1
GC->TC,0,34,G,C,-,1
AC->TG,30,8,T,C,-,1
TA->GT,92,1,A,G,-,1
TC->TT,0,32,T,G,-,1
CG->AC,55,4,T,G,-,1
TG->TT,4,41,A,G,+,1
CA->TA,42,0,G,A,+,1
CA->GG,8,36,C,A,+,1
TG->AA,70,0,A,A,+,1
TT->CT,33,9,T,G,-,1
TC->GT,36,48,G,A,-,1
CA->GA,23,20,A,G,-,1
AG->AT,43,0,G,T,+,2
GG->AT,46,0,G,T,-,1
GC->TC,34,6,C,G,+,1
TT->CG,38,14,G,G,+,1
CC->AA,30,56,C,T,+,1
AC->AA,23,0,A,A,-,1
AC->TG,20,18,T,T,+,1
GC->TA,0,33,G,T,+,1
AG->AT,72,0,T,T,-,1
GA->TG,2,35,G,G,+,1
AA->GA,3,40,A,G,+,1
AG->AA,19,48,C,A,+,1
GA->TG,1,33,A,T,+,1
TG->TA,39,26,T,G,+,1
AC->TG,11,34,C,T,-,1
CG->AT,71,0,C,T,+,1
TC->GT,7,44,C,G,-,1
CT->CA,31,7,C,T,+,1
GG->TG,5,34,A,C,+,1
AG->AG,64,0,A,G,-,1
CC->TG,11,34,C,C,-,1
AG->AT,33,0,T,T,+,1
AC->GA,47,12,C,C,+,1
CG->AG,1,67,A,C,-,1
TG->AT,28,66,C,C,+,1
TT->CG,16,54,A,C,+,1
TC->TA,2,30,T,G,+,1
CA->GT,40,36,A,G,-,1
CG->AG,59,12,G,A,-,1
TA->GT,49,34,C,T,+,1
AC->TT,0,36,A,C,-,1
CC->TT,0,39,C,A,-,1
GA->GA,36,22,C,A,+,1
CG->AT,40,5,G,G,-,1
CT->CG,28,34,C,T,-,1
GA->TA,18,24,C,T,-,1
GT->AT,25,12,C,G,+,1
AA->GT,19,31,C,G,+,1
TC->AC,30,5,T,A,-,1
TT->CG,57,0,C,G,-,1
AA->GA,20,17,T,A,+,1
AC->TC,0,96,A,C,-,1
AC->TA,5,34,C,T,+,1
CG->AC,44,5,T,A,-,1
TC->TC,26,21,A,G,+,1
GC->TT,16,38,G,G,-,1
TG->AT,47,0,C,T,+,1
AC->AA,10,20,G,C,-,1
GC->TT,0,72,G,C,+,1
CG->AT,50,1,C,G,+,1
TA->GG,41,17,C,G,+,1
GG->AC,7,36,C,A,+,1
CG->AC,50,2,C,G,+,1
GC->TA,46,22,C,T,-,1
CC->TA,73,33,C,T,-,1
AT->CG,20,19,C,T,+,1
CA->GG,13,33,C,T,+,1
TG->TA,0,62,T,G,-,1
CG->AA,31,3,C,G,-,1
CC->TT,31,23,A,G,-,1
CC->TG,55,0,C,G,+,1
CG->AG,64,15,C,A,-,1
AT->GG,10,102,C,G,-,1
GC->TT,0,46,G,G,-,1
AG->AT,96,0,T,T,-,1
GT->CT,29,1,T,G,-,1
AA->GC,14,60,C,G,+,1
CC->TG,0,46,C,G,+,1
CG->AA,19,41,C,G,-,1
CC->TG,0,45,C,A,-,1
AT->AG,48,2,C,C,+,1
TG->CA,66,47,G,T,+,1
GA->GC,5,43,C,G,-,1
CG->AG,11,46,G,C,-,1
AG->TC,79,7,C,T,+,1
CC->TG,0,70,C,C,+,1
AA->GA,24,44,C,G,+,1
TC->AC,12,40,A,C,+,1
CC->TC,0,55,C,A,+,1
CA->GT,18,32,C,G,-,1
CC->TT,0,49,C,C,-,1
CA->GT,10,32,T,C,+,1
CA->GT,22,21,C,A,+,1
AA->TT,17,12,A,A,-,1
AA->GT,56,11,A,C,-,1
GT->GC,27,15,T,C,-,1
TT->CG,37,24,C,T,-,1
AC->TA,11,39,G,T,+,1
CG->AG,13,41,A,G,-,1
TG->AC,44,0,G,C,-,1
AA->GG,37,5,A,G,+,1
CC->TA,0,43,C,T,+,2
CC->TG,0,38,C,T,+,1
TG->AA,47,0,C,A,+,1
AG->TA,13,68,C,G,+,1
AA->CC,19,12,C,T,+,1
GA->GT,2,48,C,T,+,1
CC->TG,40,14,C,G,-,1
CC->TA,0,55,C,G,+,1
CG->AC,31,1,C,T,-,1
TA->GG,20,21,C,G,-,1
GG->AT,3,24,C,A,-,1
CT->CT,25,12,C,C,+,1
GT->CG,27,33,T,T,-,1
TG->TT,35,16,A,G,-,1
TG->AG,19,24,G,G,-,1
TC->TG,0,79,T,G,-,1
TT->CT,58,45,C,G,+,1
TT->CT,60,2,G,T,+,1
TG->AG,33,0,T,G,+,1
TA->CC,42,19,G,A,-,1
TG->CA,34,14,A,C,-,1
GG->TA,18,22,A,G,+,1
AC->TG,5,79,T,G,+,1
CG->AA,47,0,C,A,-,1
GG->TC,33,26,A,T,+,1
GG->AA,29,13,C,C,-,1
CG->AG,42,0,C,G,-,1
TA->GG,26,34,G,G,+,1
TA->GC,13,23,C,G,-,1
CT->CC,28,30,A,A,-,1
AG->AT,31,35,C,C,-,1
CT->GC,33,10,T,G,-,1
AC->TA,0,47,A,G,-,1
AC->TG,10,53,A,G,-,1
TG->AC,24,0,C,C,-,1
CC->AA,47,4,C,T,-,1
CG->AT,65,7,C,G,+,1
AT->CC,25,52,C,G,+,1
AC->TG,26,31,G,A,-,1
CA->GG,14,29,G,G,+,1
AC->AA,27,15,C,G,+,1
AC->TA,0,49,A,G,+,1
CT->GT,27,6,C,G,-,1
GC->TA,0,39,G,G,-,1
AC->TG,23,33,G,G,-,1
AA->GG,5,42,A,T,-,1
CG->AG,80,0,A,G,-,1
TC->AA,11,33,C,C,+,1
TG->AT,51,1,C,C,-,1
GT->AT,22,24,A,T,+,1
TC->TA,0,52,T,C,+,1
AG->AG,38,0,A,G,-,1
CC->TG,16,37,A,G,+,1
TA->CG,23,32,C,G,-,1
CG->AT,16,21,T,G,-,1
CA->GT,37,17,G,G,+,1
CG->AC,31,25,G,G,-,1
CG->AT,35,1,C,A,+,1
AC->TA,3,46,G,G,+,1
TG->AA,23,28,C,A,+,1
CA->CA,3,64,G,T,-,1
CT->CG,18,51,T,G,+,1
TG->AT,51,0,C,T,-,1
TG->AA,53,30,C,T,-,1
TT->CC,71,2,C,A,+,1
AA->TA,21,53,A,G,+,1
AA->GG,35,47,C,A,+,1
CT->AC,50,3,C,G,-,1
TG->AT,27,14,A,A,+,1
CA->GG,9,12,G,G,+,1
CG->AA,47,9,C,A,+,1
TC->TT,18,22,G,G,+,1
TG->AG,58,0,A,G,-,1
AA->TG,0,51,A,G,+,1
AA->GA,5,59,C,C,-,1
TG->TT,15,20,C,G,-,1
TA->GT,6,66,G,G,-,1
CC->TT,0,40,C,C,+,1
GC->TG,34,17,C,G,+,1
AG->AG,82,0,C,G,+,1
TC->TG,4,96,A,G,+,1
AA->TT,32,23,A,G,-,1
AC->TT,23,15,A,T,+,1
TG->AT,54,0,A,T,+,1
AT->CG,37,20,A,C,+,1
CG->AC,23,24,C,T,-,1
TT->GC,5,39,A,C,-,1
TT->CT,21,54,C,G,-,1
AC->TG,6,53,A,T,+,1
GT->CC,26,5,T,G,-,1
GT->CC,2,34,A,T,+,1
AC->AT,6,55,C,T,-,1
AC->GG,16,37,A,C,+,1
AG->AC,48,0,A,C,-,1
AA->GT,2,39,C,A,-,1
TC->TG,2,43,C,T,+,1
AG->AA,40,11,C,G,+,1
CG->AC,43,45,C,G,-,1
AG->AG,68,0,C,G,+,1
GC->TG,0,42,G,T,-,1
TT->CT,40,1,G,A,-,1
AA->GG,24,18,C,G,+,1
CG->AC,50,0,G,C,+,1
CG->AT,26,13,G,C,-,1
TG->AA,38,0,G,A,-,1
CC->TA,35,15,A,G,-,1
CT->CG,19,28,C,G,+,1
GT->CG,25,41,C,T,+,1
CA->GT,33,15,A,G,+,1
AA->GT,22,10,G,C,+,1
CG->AC,31,5,C,T,+,1
GC->TA,17,67,A,T,-,1
CT->CG,35,20,C,G,-,1
AC->TG,5,38,C,A,+,1
CA->GA,0,61,C,A,+,1
CA->GT,14,54,C,C,+,1
TC->TT,39,2,A,C,-,1
AT->GT,43,9,A,G,-,1
AA->TG,0,51,A,C,-,1
AA->GA,45,0,T,A,-,1
CG->AA,25,34,A,C,+,1
AC->TT,4,46,C,G,+,1
GC->TG,0,55,G,T,+,1
AC->TG,0,52,A,A,-,1
CG->AA,13,23,C,C,-,1
GC->TA,0,40,G,T,+,1
AA->TC,10,37,C,G,-,1
AG->TT,4,41,C,T,-,1
GG->AC,43,0,G,C,-,1
GG->AC,114,6,T,T,-,1
CG->AG,37,0,C,G,-,1
GC->TC,54,62,C,G,+,1
TC->TG,1,55,C,G,-,1
AC->TT,39,6,G,C,+,1
AT->GA,39,1,C,G,+,1
AC->TA,15,19,G,T,-,1
GT->AG,44,0,A,G,+,1
CT->CG,10,52,A,A,-,1
AC->TG,2,63,C,G,+,1
AG->AT,50,0,C,T,-,1
GG->AG,5,31,C,A,-,1
TG->AG,53,19,C,G,+,1
TC->GT,17,75,C,G,+,1
TA->GA,11,41,C,T,+,1
TC->TT,0,30,T,G,+,1
CC->TG,13,57,C,C,+,1
GC->TG,15,45,T,G,-,1
TA->CT,17,45,A,G,+,1
CC->TG,13,43,G,C,+,1
GC->TT,13,21,A,C,+,1
CC->TG,0,33,C,T,+,1
AC->TG,47,12,C,G,-,1
TC->TT,47,1,C,C,-,1
CC->TG,38,27,T,G,+,1
AG->AA,68,0,C,A,+,1
AG->AA,31,0,A,A,-,1
TC->TC,0,34,T,T,+,1
GC->AA,23,82,T,G,-,1
CG->AT,11,30,T,T,-,1
CC->TG,0,45,C,C,+,2
TT->CT,22,19,G,G,+,1
AA->CC,23,33,T,G,-,1
TC->TC,18,24,C,T,+,1
TT->CC,35,9,C,C,+,1
CA->TA,50,2,T,G,-,1
CT->CA,14,30,C,G,-,1
AC->TG,29,56,C,T,-,1
TG->AT,41,0,C,T,+,1
GG->TC,25,23,T,C,-,1
AC->GA,25,32,C,C,+,1
AC->TC,0,44,A,G,-,1
AC->TG,1,36,G,T,+,1
AG->AT,49,0,G,T,-,1
CC->TG,0,52,C,T,+,1
AG->AG,37,0,C,G,+,1
CT->CC,11,45,C,C,+,1
TT->CG,27,22,G,T,+,1
GG->AG,19,29,C,G,-,1
AC->TT,0,54,A,C,-,1
AG->AA,42,0,C,A,+,1
AA->GG,1,47,C,G,+,1
TG->TT,3,59,C,G,+,1
TC->TT,14,24,G,G,-,1
AG->TC,0,24,A,A,-,1
CT->CC,8,41,G,A,+,1
AG->AG,4,52,C,G,-,1
CG->AA,27,7,T,T,-,1
AG->AT,5,36,C,G,+,1
AG->AG,9,41,A,G,-,1
CA->GG,20,23,C,T,+,1
CG->AC,45,12,C,T,-,1
TC->TT,21,20,G,C,+,1
TC->GT,34,68,G,G,+,1
GG->AC,116,0,C,C,-,1
AT->CG,10,55,G,T,-,1
AG->AG,48,0,C,G,-,1
TA->CT,19,25,T,A,-,1
TA->GG,3,25,G,A,-,1
CG->AA,39,2,G,G,+,1
GA->TA,2,45,T,G,+,1
TC->TA,18,24,C,A,+,1
AT->CG,28,19,C,G,+,1
TC->AA,14,54,G,G,-,1
TA->GA,23,15,G,C,-,1
TC->TG,45,60,A,G,+,1
AC->TA,0,74,A,T,-,1
CG->AC,40,5,C,G,-,1
AC->TT,0,51,A,G,-,1
GG->AC,13,37,C,G,-,1
TA->GT,31,12,G,G,-,1
CG->AG,21,26,T,C,-,1
TC->TG,3,37,C,C,+,1
TG->TA,32,36,A,T,-,1
TG->AT,31,0,A,T,-,1
TC->TG,22,13,C,G,-,1
AG->AG,27,0,C,G,-,1
GA->TT,24,18,T,G,+,1
CG->AT,15,28,C,T,+,1
GG->TA,31,17,C,G,-,1
CC->TT,0,50,C,G,+,1
AT->CA,60,8,G,C,+,1
TG->AG,64,0,C,G,-,1
CA->CG,30,5,A,C,+,1
GG->TC,8,28,A,G,+,1
TC->TG,20,70,T,G,+,1
TA->CC,1,47,C,G,-,1
GA->CT,12,40,T,G,+,1
TC->TA,46,15,C,T,-,1
TC->TG,14,58,G,T,+,1
TC->TC,0,35,T,T,-,2
AA->GA,68,19,G,G,+,1
TA->GC,39,5,A,C,-,1
AG->AC,57,0,C,C,+,1
AC->TA,0,45,A,T,+,1
TG->AT,27,0,A,T,+,1
AT->CA,43,68,G,G,+,1
CG->AG,40,0,G,G,-,1
GC->TA,43,6,T,G,-,1
CG->AA,46,0,C,A,-,1
CT->CT,28,67,C,T,-,1
GC->AC,18,30,G,C,-,1
TT->GC,45,4,G,G,-,1
CG->AG,39,0,A,G,-,1
TG->TT,35,45,A,G,+,1
TG->AT,48,2,A,G,-,1
CC->AC,41,17,C,G,-,1
GT->CG,20,18,G,G,+,1
TC->TA,12,93,A,C,+,1
GA->GA,4,30,A,G,+,1
CG->TT,77,33,A,T,-,1
CG->AT,47,6,A,G,-,1
TG->AG,11,74,C,G,+,1
AC->TA,20,30,C,T,+,1
CG->AT,20,28,A,A,-,1
